target,prediction,target_name,prediction_name
0,16,000,016
0,0,000,000
0,0,000,000
0,80,000,080
0,27,000,027
0,1,000,001
0,0,000,000
0,0,000,000
0,0,000,000
0,1,000,001
1,187,001,187
1,83,001,083
1,1,001,001
1,93,001,093
1,1,001,001
1,119,001,119
1,1,001,001
1,1,001,001
1,1,001,001
1,1,001,001
2,1,002,001
2,37,002,037
2,2,002,002
2,2,002,002
2,2,002,002
2,2,002,002
2,2,002,002
2,2,002,002
2,2,002,002
2,2,002,002
3,3,003,003
3,50,003,050
3,3,003,003
3,18,003,018
3,3,003,003
3,3,003,003
3,3,003,003
3,3,003,003
3,3,003,003
3,3,003,003
4,4,004,004
4,4,004,004
4,4,004,004
4,4,004,004
4,5,004,005
4,4,004,004
4,4,004,004
4,4,004,004
4,4,004,004
4,4,004,004
5,5,005,005
5,6,005,006
5,6,005,006
5,5,005,005
5,5,005,005
5,5,005,005
5,5,005,005
5,5,005,005
5,23,005,023
5,5,005,005
6,6,006,006
6,234,006,234
6,6,006,006
6,6,006,006
6,5,006,005
6,6,006,006
6,6,006,006
6,10,006,010
6,5,006,005
6,6,006,006
7,274,007,274
7,223,007,223
7,7,007,007
7,468,007,468
7,7,007,007
7,118,007,118
7,124,007,124
7,19,007,019
7,274,007,274
7,398,007,398
8,15,008,015
8,8,008,008
8,8,008,008
8,8,008,008
8,8,008,008
8,8,008,008
8,39,008,039
8,8,008,008
8,8,008,008
8,8,008,008
9,9,009,009
9,9,009,009
9,9,009,009
9,9,009,009
9,9,009,009
9,9,009,009
9,9,009,009
9,318,009,318
9,8,009,008
9,9,009,009
10,10,010,010
10,10,010,010
10,10,010,010
10,10,010,010
10,10,010,010
10,10,010,010
10,10,010,010
10,10,010,010
10,177,010,177
10,10,010,010
11,11,011,011
11,11,011,011
11,11,011,011
11,11,011,011
11,11,011,011
11,11,011,011
11,11,011,011
11,214,011,214
11,11,011,011
11,11,011,011
12,12,012,012
12,12,012,012
12,12,012,012
12,12,012,012
12,12,012,012
12,12,012,012
12,349,012,349
12,12,012,012
12,12,012,012
12,12,012,012
13,13,013,013
13,435,013,435
13,13,013,013
13,13,013,013
13,13,013,013
13,12,013,012
13,12,013,012
13,13,013,013
13,13,013,013
13,13,013,013
14,14,014,014
14,14,014,014
14,14,014,014
14,14,014,014
14,14,014,014
14,14,014,014
14,38,014,038
14,14,014,014
14,14,014,014
14,14,014,014
15,8,015,008
15,15,015,015
15,318,015,318
15,15,015,015
15,282,015,282
15,15,015,015
15,15,015,015
15,15,015,015
15,15,015,015
15,15,015,015
16,16,016,016
16,16,016,016
16,16,016,016
16,429,016,429
16,16,016,016
16,16,016,016
16,16,016,016
16,327,016,327
16,16,016,016
16,16,016,016
17,17,017,017
17,23,017,023
17,17,017,017
17,17,017,017
17,17,017,017
17,17,017,017
17,46,017,046
17,14,017,014
17,19,017,019
17,17,017,017
18,18,018,018
18,18,018,018
18,16,018,016
18,18,018,018
18,18,018,018
18,18,018,018
18,18,018,018
18,18,018,018
18,18,018,018
18,18,018,018
19,44,019,044
19,19,019,019
19,19,019,019
19,19,019,019
19,19,019,019
19,19,019,019
19,35,019,035
19,10,019,010
19,10,019,010
19,19,019,019
20,38,020,038
20,20,020,020
20,20,020,020
20,20,020,020
20,20,020,020
20,21,020,021
20,20,020,020
20,18,020,018
20,18,020,018
20,20,020,020
21,465,021,465
21,21,021,021
21,21,021,021
21,21,021,021
21,21,021,021
21,21,021,021
21,21,021,021
21,17,021,017
21,5,021,005
21,32,021,032
22,39,022,039
22,22,022,022
22,22,022,022
22,23,022,023
22,22,022,022
22,22,022,022
22,22,022,022
22,22,022,022
22,20,022,020
22,23,022,023
23,23,023,023
23,123,023,123
23,23,023,023
23,23,023,023
23,23,023,023
23,23,023,023
23,23,023,023
23,23,023,023
23,23,023,023
23,23,023,023
24,24,024,024
24,24,024,024
24,24,024,024
24,493,024,493
24,24,024,024
24,24,024,024
24,24,024,024
24,24,024,024
24,24,024,024
24,24,024,024
25,25,025,025
25,25,025,025
25,25,025,025
25,25,025,025
25,25,025,025
25,25,025,025
25,25,025,025
25,25,025,025
25,25,025,025
25,25,025,025
26,26,026,026
26,26,026,026
26,26,026,026
26,26,026,026
26,27,026,027
26,2,026,002
26,26,026,026
26,26,026,026
26,26,026,026
26,26,026,026
27,17,027,017
27,27,027,027
27,27,027,027
27,42,027,042
27,27,027,027
27,0,027,000
27,27,027,027
27,27,027,027
27,17,027,017
27,27,027,027
28,28,028,028
28,28,028,028
28,28,028,028
28,28,028,028
28,28,028,028
28,28,028,028
28,28,028,028
28,28,028,028
28,360,028,360
28,28,028,028
29,29,029,029
29,29,029,029
29,29,029,029
29,29,029,029
29,29,029,029
29,29,029,029
29,29,029,029
29,29,029,029
29,29,029,029
29,29,029,029
30,10,030,010
30,30,030,030
30,30,030,030
30,19,030,019
30,30,030,030
30,30,030,030
30,30,030,030
30,66,030,066
30,141,030,141
30,30,030,030
31,40,031,040
31,13,031,013
31,31,031,031
31,31,031,031
31,125,031,125
31,31,031,031
31,31,031,031
31,466,031,466
31,29,031,029
31,31,031,031
32,429,032,429
32,32,032,032
32,71,032,071
32,32,032,032
32,32,032,032
32,32,032,032
32,16,032,016
32,32,032,032
32,32,032,032
32,22,032,022
33,194,033,194
33,33,033,033
33,33,033,033
33,33,033,033
33,33,033,033
33,33,033,033
33,33,033,033
33,33,033,033
33,33,033,033
33,33,033,033
34,34,034,034
34,34,034,034
34,39,034,039
34,21,034,021
34,423,034,423
34,34,034,034
34,34,034,034
34,34,034,034
34,409,034,409
34,41,034,041
35,120,035,120
35,79,035,079
35,35,035,035
35,35,035,035
35,250,035,250
35,265,035,265
35,35,035,035
35,35,035,035
35,35,035,035
35,35,035,035
36,36,036,036
36,36,036,036
36,36,036,036
36,475,036,475
36,36,036,036
36,36,036,036
36,36,036,036
36,36,036,036
36,36,036,036
36,36,036,036
37,37,037,037
37,37,037,037
37,37,037,037
37,37,037,037
37,37,037,037
37,37,037,037
37,109,037,109
37,37,037,037
37,37,037,037
37,143,037,143
38,38,038,038
38,38,038,038
38,10,038,010
38,38,038,038
38,38,038,038
38,38,038,038
38,38,038,038
38,38,038,038
38,38,038,038
38,221,038,221
39,22,039,022
39,171,039,171
39,39,039,039
39,39,039,039
39,39,039,039
39,39,039,039
39,39,039,039
39,39,039,039
39,15,039,015
39,39,039,039
40,40,040,040
40,40,040,040
40,40,040,040
40,39,040,039
40,39,040,039
40,40,040,040
40,39,040,039
40,40,040,040
40,40,040,040
40,40,040,040
41,41,041,041
41,41,041,041
41,41,041,041
41,41,041,041
41,41,041,041
41,41,041,041
41,41,041,041
41,41,041,041
41,41,041,041
41,41,041,041
42,42,042,042
42,42,042,042
42,42,042,042
42,42,042,042
42,42,042,042
42,123,042,123
42,42,042,042
42,42,042,042
42,42,042,042
42,42,042,042
43,43,043,043
43,43,043,043
43,43,043,043
43,43,043,043
43,83,043,083
43,43,043,043
43,83,043,083
43,43,043,043
43,47,043,047
43,43,043,043
44,242,044,242
44,44,044,044
44,44,044,044
44,44,044,044
44,44,044,044
44,44,044,044
44,44,044,044
44,44,044,044
44,44,044,044
44,44,044,044
45,45,045,045
45,55,045,055
45,45,045,045
45,45,045,045
45,45,045,045
45,45,045,045
45,45,045,045
45,45,045,045
45,45,045,045
45,45,045,045
46,46,046,046
46,46,046,046
46,46,046,046
46,46,046,046
46,46,046,046
46,46,046,046
46,46,046,046
46,46,046,046
46,46,046,046
46,46,046,046
47,47,047,047
47,47,047,047
47,47,047,047
47,47,047,047
47,47,047,047
47,44,047,044
47,47,047,047
47,47,047,047
47,47,047,047
47,47,047,047
48,48,048,048
48,48,048,048
48,48,048,048
48,48,048,048
48,118,048,118
48,48,048,048
48,48,048,048
48,48,048,048
48,61,048,061
48,61,048,061
49,49,049,049
49,50,049,050
49,49,049,049
49,49,049,049
49,49,049,049
49,49,049,049
49,87,049,087
49,49,049,049
49,49,049,049
49,53,049,053
50,50,050,050
50,50,050,050
50,50,050,050
50,50,050,050
50,50,050,050
50,13,050,013
50,50,050,050
50,50,050,050
50,50,050,050
50,50,050,050
51,51,051,051
51,103,051,103
51,51,051,051
51,51,051,051
51,51,051,051
51,51,051,051
51,237,051,237
51,105,051,105
51,171,051,171
51,51,051,051
52,142,052,142
52,52,052,052
52,52,052,052
52,106,052,106
52,52,052,052
52,52,052,052
52,52,052,052
52,52,052,052
52,52,052,052
52,52,052,052
53,44,053,044
53,53,053,053
53,108,053,108
53,53,053,053
53,53,053,053
53,53,053,053
53,53,053,053
53,53,053,053
53,53,053,053
53,53,053,053
54,54,054,054
54,54,054,054
54,54,054,054
54,54,054,054
54,54,054,054
54,54,054,054
54,54,054,054
54,53,054,053
54,54,054,054
54,54,054,054
55,55,055,055
55,55,055,055
55,55,055,055
55,55,055,055
55,55,055,055
55,55,055,055
55,55,055,055
55,55,055,055
55,55,055,055
55,246,055,246
56,56,056,056
56,56,056,056
56,56,056,056
56,56,056,056
56,56,056,056
56,56,056,056
56,106,056,106
56,56,056,056
56,56,056,056
56,56,056,056
57,57,057,057
57,57,057,057
57,57,057,057
57,57,057,057
57,57,057,057
57,57,057,057
57,57,057,057
57,57,057,057
57,57,057,057
57,47,057,047
58,58,058,058
58,58,058,058
58,58,058,058
58,58,058,058
58,58,058,058
58,58,058,058
58,58,058,058
58,58,058,058
58,58,058,058
58,58,058,058
59,59,059,059
59,59,059,059
59,59,059,059
59,59,059,059
59,59,059,059
59,59,059,059
59,59,059,059
59,59,059,059
59,59,059,059
59,59,059,059
60,60,060,060
60,60,060,060
60,60,060,060
60,60,060,060
60,60,060,060
60,60,060,060
60,60,060,060
60,60,060,060
60,60,060,060
60,60,060,060
61,61,061,061
61,61,061,061
61,61,061,061
61,61,061,061
61,61,061,061
61,61,061,061
61,61,061,061
61,61,061,061
61,61,061,061
61,61,061,061
62,62,062,062
62,62,062,062
62,62,062,062
62,62,062,062
62,57,062,057
62,62,062,062
62,62,062,062
62,62,062,062
62,62,062,062
62,62,062,062
63,63,063,063
63,70,063,070
63,63,063,063
63,63,063,063
63,63,063,063
63,63,063,063
63,63,063,063
63,63,063,063
63,63,063,063
63,63,063,063
64,64,064,064
64,64,064,064
64,64,064,064
64,64,064,064
64,64,064,064
64,64,064,064
64,64,064,064
64,64,064,064
64,64,064,064
64,214,064,214
65,243,065,243
65,65,065,065
65,427,065,427
65,65,065,065
65,65,065,065
65,65,065,065
65,65,065,065
65,65,065,065
65,65,065,065
65,65,065,065
66,66,066,066
66,66,066,066
66,66,066,066
66,66,066,066
66,66,066,066
66,66,066,066
66,66,066,066
66,66,066,066
66,66,066,066
66,66,066,066
67,83,067,083
67,67,067,067
67,67,067,067
67,67,067,067
67,310,067,310
67,67,067,067
67,67,067,067
67,68,067,068
67,67,067,067
67,67,067,067
68,68,068,068
68,68,068,068
68,68,068,068
68,68,068,068
68,68,068,068
68,68,068,068
68,68,068,068
68,38,068,038
68,68,068,068
68,68,068,068
69,69,069,069
69,69,069,069
69,69,069,069
69,69,069,069
69,69,069,069
69,69,069,069
69,69,069,069
69,69,069,069
69,69,069,069
69,69,069,069
70,143,070,143
70,70,070,070
70,70,070,070
70,70,070,070
70,70,070,070
70,70,070,070
70,15,070,015
70,70,070,070
70,70,070,070
70,70,070,070
71,71,071,071
71,331,071,331
71,71,071,071
71,67,071,067
71,71,071,071
71,71,071,071
71,71,071,071
71,219,071,219
71,45,071,045
71,71,071,071
72,83,072,083
72,72,072,072
72,108,072,108
72,72,072,072
72,72,072,072
72,72,072,072
72,72,072,072
72,72,072,072
72,72,072,072
72,72,072,072
73,73,073,073
73,73,073,073
73,73,073,073
73,73,073,073
73,73,073,073
73,73,073,073
73,73,073,073
73,73,073,073
73,73,073,073
73,73,073,073
74,74,074,074
74,74,074,074
74,74,074,074
74,74,074,074
74,74,074,074
74,74,074,074
74,74,074,074
74,74,074,074
74,74,074,074
74,74,074,074
75,75,075,075
75,75,075,075
75,75,075,075
75,75,075,075
75,76,075,076
75,75,075,075
75,76,075,076
75,75,075,075
75,77,075,077
75,77,075,077
76,76,076,076
76,76,076,076
76,76,076,076
76,76,076,076
76,76,076,076
76,76,076,076
76,76,076,076
76,76,076,076
76,76,076,076
76,76,076,076
77,77,077,077
77,77,077,077
77,76,077,076
77,79,077,079
77,77,077,077
77,77,077,077
77,77,077,077
77,77,077,077
77,77,077,077
77,77,077,077
78,78,078,078
78,200,078,200
78,73,078,073
78,78,078,078
78,78,078,078
78,78,078,078
78,76,078,076
78,78,078,078
78,78,078,078
78,78,078,078
79,415,079,415
79,76,079,076
79,79,079,079
79,22,079,022
79,79,079,079
79,79,079,079
79,79,079,079
79,79,079,079
79,79,079,079
79,79,079,079
80,80,080,080
80,80,080,080
80,80,080,080
80,80,080,080
80,71,080,071
80,80,080,080
80,80,080,080
80,80,080,080
80,80,080,080
80,80,080,080
81,81,081,081
81,81,081,081
81,81,081,081
81,81,081,081
81,81,081,081
81,81,081,081
81,81,081,081
81,81,081,081
81,81,081,081
81,81,081,081
82,82,082,082
82,82,082,082
82,82,082,082
82,82,082,082
82,38,082,038
82,82,082,082
82,82,082,082
82,305,082,305
82,46,082,046
82,114,082,114
83,83,083,083
83,83,083,083
83,83,083,083
83,83,083,083
83,83,083,083
83,83,083,083
83,83,083,083
83,83,083,083
83,83,083,083
83,83,083,083
84,84,084,084
84,84,084,084
84,84,084,084
84,84,084,084
84,84,084,084
84,84,084,084
84,84,084,084
84,84,084,084
84,84,084,084
84,84,084,084
85,85,085,085
85,85,085,085
85,85,085,085
85,85,085,085
85,85,085,085
85,85,085,085
85,85,085,085
85,85,085,085
85,85,085,085
85,35,085,035
86,86,086,086
86,86,086,086
86,86,086,086
86,250,086,250
86,86,086,086
86,86,086,086
86,86,086,086
86,86,086,086
86,86,086,086
86,86,086,086
87,87,087,087
87,87,087,087
87,87,087,087
87,87,087,087
87,238,087,238
87,82,087,082
87,87,087,087
87,87,087,087
87,87,087,087
87,255,087,255
88,88,088,088
88,88,088,088
88,88,088,088
88,88,088,088
88,88,088,088
88,88,088,088
88,88,088,088
88,88,088,088
88,88,088,088
88,88,088,088
89,89,089,089
89,89,089,089
89,18,089,018
89,89,089,089
89,89,089,089
89,89,089,089
89,89,089,089
89,89,089,089
89,89,089,089
89,89,089,089
90,90,090,090
90,90,090,090
90,90,090,090
90,90,090,090
90,90,090,090
90,90,090,090
90,90,090,090
90,89,090,089
90,90,090,090
90,90,090,090
91,71,091,071
91,430,091,430
91,90,091,090
91,102,091,102
91,54,091,054
91,91,091,091
91,91,091,091
91,91,091,091
91,169,091,169
91,91,091,091
92,92,092,092
92,92,092,092
92,92,092,092
92,92,092,092
92,92,092,092
92,92,092,092
92,92,092,092
92,92,092,092
92,92,092,092
92,92,092,092
93,93,093,093
93,209,093,209
93,93,093,093
93,93,093,093
93,93,093,093
93,93,093,093
93,93,093,093
93,93,093,093
93,93,093,093
93,41,093,041
94,94,094,094
94,94,094,094
94,94,094,094
94,94,094,094
94,94,094,094
94,8,094,008
94,94,094,094
94,28,094,028
94,94,094,094
94,94,094,094
95,95,095,095
95,156,095,156
95,95,095,095
95,66,095,066
95,95,095,095
95,95,095,095
95,95,095,095
95,95,095,095
95,95,095,095
95,96,095,096
96,96,096,096
96,96,096,096
96,96,096,096
96,96,096,096
96,96,096,096
96,96,096,096
96,96,096,096
96,96,096,096
96,96,096,096
96,96,096,096
97,97,097,097
97,97,097,097
97,97,097,097
97,96,097,096
97,97,097,097
97,97,097,097
97,97,097,097
97,97,097,097
97,97,097,097
97,97,097,097
98,98,098,098
98,98,098,098
98,44,098,044
98,98,098,098
98,17,098,017
98,98,098,098
98,98,098,098
98,98,098,098
98,98,098,098
98,98,098,098
99,122,099,122
99,99,099,099
99,54,099,054
99,99,099,099
99,99,099,099
99,99,099,099
99,99,099,099
99,99,099,099
99,99,099,099
99,99,099,099
100,100,100,100
100,100,100,100
100,100,100,100
100,100,100,100
100,100,100,100
100,100,100,100
100,100,100,100
100,100,100,100
100,100,100,100
100,100,100,100
101,101,101,101
101,101,101,101
101,101,101,101
101,101,101,101
101,101,101,101
101,101,101,101
101,101,101,101
101,101,101,101
101,101,101,101
101,101,101,101
102,243,102,243
102,102,102,102
102,102,102,102
102,102,102,102
102,102,102,102
102,3,102,003
102,102,102,102
102,108,102,108
102,102,102,102
102,55,102,055
103,103,103,103
103,103,103,103
103,103,103,103
103,103,103,103
103,103,103,103
103,12,103,012
103,103,103,103
103,103,103,103
103,104,103,104
103,103,103,103
104,104,104,104
104,104,104,104
104,104,104,104
104,104,104,104
104,104,104,104
104,104,104,104
104,104,104,104
104,104,104,104
104,104,104,104
104,103,104,103
105,105,105,105
105,105,105,105
105,398,105,398
105,105,105,105
105,105,105,105
105,105,105,105
105,67,105,067
105,105,105,105
105,105,105,105
105,105,105,105
106,106,106,106
106,106,106,106
106,106,106,106
106,54,106,054
106,106,106,106
106,106,106,106
106,106,106,106
106,106,106,106
106,106,106,106
106,204,106,204
107,107,107,107
107,107,107,107
107,49,107,049
107,69,107,069
107,107,107,107
107,107,107,107
107,251,107,251
107,107,107,107
107,57,107,057
107,107,107,107
108,108,108,108
108,108,108,108
108,67,108,067
108,108,108,108
108,108,108,108
108,47,108,047
108,141,108,141
108,108,108,108
108,108,108,108
108,108,108,108
109,110,109,110
109,109,109,109
109,109,109,109
109,98,109,098
109,109,109,109
109,109,109,109
109,109,109,109
109,83,109,083
109,98,109,098
109,98,109,098
110,98,110,098
110,110,110,110
110,110,110,110
110,110,110,110
110,110,110,110
110,110,110,110
110,110,110,110
110,110,110,110
110,110,110,110
110,17,110,017
111,111,111,111
111,111,111,111
111,111,111,111
111,111,111,111
111,111,111,111
111,111,111,111
111,111,111,111
111,111,111,111
111,111,111,111
111,111,111,111
112,112,112,112
112,112,112,112
112,112,112,112
112,112,112,112
112,112,112,112
112,112,112,112
112,112,112,112
112,112,112,112
112,112,112,112
112,112,112,112
113,467,113,467
113,44,113,044
113,404,113,404
113,113,113,113
113,113,113,113
113,113,113,113
113,113,113,113
113,113,113,113
113,24,113,024
113,295,113,295
114,114,114,114
114,114,114,114
114,114,114,114
114,114,114,114
114,7,114,007
114,114,114,114
114,114,114,114
114,114,114,114
114,114,114,114
114,114,114,114
115,115,115,115
115,115,115,115
115,115,115,115
115,115,115,115
115,115,115,115
115,115,115,115
115,115,115,115
115,115,115,115
115,115,115,115
115,115,115,115
116,116,116,116
116,116,116,116
116,367,116,367
116,116,116,116
116,67,116,067
116,116,116,116
116,116,116,116
116,116,116,116
116,116,116,116
116,116,116,116
117,118,117,118
117,118,117,118
117,117,117,117
117,118,117,118
117,117,117,117
117,117,117,117
117,117,117,117
117,118,117,118
117,118,117,118
117,117,117,117
118,117,118,117
118,117,118,117
118,118,118,118
118,118,118,118
118,118,118,118
118,118,118,118
118,118,118,118
118,118,118,118
118,118,118,118
118,118,118,118
119,119,119,119
119,119,119,119
119,119,119,119
119,119,119,119
119,119,119,119
119,119,119,119
119,119,119,119
119,119,119,119
119,119,119,119
119,119,119,119
120,120,120,120
120,120,120,120
120,120,120,120
120,120,120,120
120,120,120,120
120,120,120,120
120,120,120,120
120,120,120,120
120,120,120,120
120,39,120,039
121,121,121,121
121,121,121,121
121,121,121,121
121,120,121,120
121,121,121,121
121,121,121,121
121,121,121,121
121,121,121,121
121,121,121,121
121,118,121,118
122,122,122,122
122,122,122,122
122,122,122,122
122,122,122,122
122,122,122,122
122,122,122,122
122,122,122,122
122,122,122,122
122,122,122,122
122,119,122,119
123,123,123,123
123,123,123,123
123,94,123,094
123,123,123,123
123,123,123,123
123,123,123,123
123,123,123,123
123,123,123,123
123,123,123,123
123,39,123,039
124,124,124,124
124,124,124,124
124,125,124,125
124,124,124,124
124,124,124,124
124,124,124,124
124,113,124,113
124,113,124,113
124,124,124,124
124,124,124,124
125,125,125,125
125,125,125,125
125,44,125,044
125,44,125,044
125,125,125,125
125,125,125,125
125,125,125,125
125,125,125,125
125,142,125,142
125,125,125,125
126,10,126,010
126,126,126,126
126,107,126,107
126,126,126,126
126,126,126,126
126,126,126,126
126,126,126,126
126,35,126,035
126,143,126,143
126,134,126,134
127,127,127,127
127,127,127,127
127,127,127,127
127,127,127,127
127,10,127,010
127,127,127,127
127,127,127,127
127,127,127,127
127,127,127,127
127,127,127,127
128,128,128,128
128,128,128,128
128,128,128,128
128,128,128,128
128,128,128,128
128,128,128,128
128,128,128,128
128,128,128,128
128,128,128,128
128,128,128,128
129,128,129,128
129,129,129,129
129,130,129,130
129,129,129,129
129,129,129,129
129,44,129,044
129,129,129,129
129,129,129,129
129,128,129,128
129,129,129,129
130,130,130,130
130,130,130,130
130,130,130,130
130,130,130,130
130,130,130,130
130,130,130,130
130,130,130,130
130,130,130,130
130,130,130,130
130,130,130,130
131,131,131,131
131,131,131,131
131,131,131,131
131,131,131,131
131,135,131,135
131,131,131,131
131,131,131,131
131,131,131,131
131,131,131,131
131,131,131,131
132,132,132,132
132,132,132,132
132,132,132,132
132,132,132,132
132,132,132,132
132,132,132,132
132,132,132,132
132,132,132,132
132,132,132,132
132,132,132,132
133,133,133,133
133,133,133,133
133,133,133,133
133,133,133,133
133,133,133,133
133,134,133,134
133,133,133,133
133,98,133,098
133,133,133,133
133,134,133,134
134,134,134,134
134,134,134,134
134,134,134,134
134,134,134,134
134,128,134,128
134,134,134,134
134,134,134,134
134,134,134,134
134,134,134,134
134,134,134,134
135,135,135,135
135,135,135,135
135,135,135,135
135,135,135,135
135,135,135,135
135,161,135,161
135,135,135,135
135,135,135,135
135,135,135,135
135,130,135,130
136,136,136,136
136,136,136,136
136,136,136,136
136,136,136,136
136,136,136,136
136,136,136,136
136,136,136,136
136,136,136,136
136,136,136,136
136,136,136,136
137,137,137,137
137,137,137,137
137,131,137,131
137,137,137,137
137,227,137,227
137,138,137,138
137,137,137,137
137,137,137,137
137,212,137,212
137,137,137,137
138,138,138,138
138,138,138,138
138,138,138,138
138,138,138,138
138,138,138,138
138,138,138,138
138,128,138,128
138,138,138,138
138,134,138,134
138,138,138,138
139,139,139,139
139,139,139,139
139,133,139,133
139,139,139,139
139,139,139,139
139,102,139,102
139,139,139,139
139,139,139,139
139,134,139,134
139,139,139,139
140,140,140,140
140,140,140,140
140,140,140,140
140,140,140,140
140,140,140,140
140,140,140,140
140,140,140,140
140,140,140,140
140,140,140,140
140,140,140,140
141,141,141,141
141,110,141,110
141,141,141,141
141,141,141,141
141,141,141,141
141,143,141,143
141,49,141,049
141,71,141,071
141,141,141,141
141,141,141,141
142,142,142,142
142,83,142,083
142,310,142,310
142,142,142,142
142,142,142,142
142,142,142,142
142,142,142,142
142,142,142,142
142,17,142,017
142,44,142,044
143,143,143,143
143,240,143,240
143,143,143,143
143,143,143,143
143,143,143,143
143,143,143,143
143,237,143,237
143,126,143,126
143,236,143,236
143,143,143,143
144,144,144,144
144,144,144,144
144,235,144,235
144,144,144,144
144,144,144,144
144,144,144,144
144,144,144,144
144,144,144,144
144,144,144,144
144,144,144,144
145,97,145,097
145,133,145,133
145,145,145,145
145,145,145,145
145,128,145,128
145,10,145,010
145,245,145,245
145,13,145,013
145,145,145,145
145,238,145,238
146,193,146,193
146,146,146,146
146,147,146,147
146,230,146,230
146,178,146,178
146,146,146,146
146,146,146,146
146,147,146,147
146,146,146,146
146,147,146,147
147,146,147,146
147,147,147,147
147,147,147,147
147,147,147,147
147,147,147,147
147,147,147,147
147,147,147,147
147,147,147,147
147,232,147,232
147,147,147,147
148,148,148,148
148,148,148,148
148,148,148,148
148,148,148,148
148,148,148,148
148,148,148,148
148,148,148,148
148,150,148,150
148,193,148,193
148,148,148,148
149,149,149,149
149,149,149,149
149,151,149,151
149,161,149,161
149,161,149,161
149,162,149,162
149,149,149,149
149,149,149,149
149,149,149,149
149,149,149,149
150,150,150,150
150,150,150,150
150,150,150,150
150,151,150,151
150,150,150,150
150,150,150,150
150,150,150,150
150,150,150,150
150,172,150,172
150,198,150,198
151,152,151,152
151,151,151,151
151,151,151,151
151,151,151,151
151,162,151,162
151,151,151,151
151,161,151,161
151,151,151,151
151,151,151,151
151,151,151,151
152,152,152,152
152,152,152,152
152,152,152,152
152,152,152,152
152,152,152,152
152,152,152,152
152,152,152,152
152,150,152,150
152,152,152,152
152,152,152,152
153,182,153,182
153,153,153,153
153,153,153,153
153,203,153,203
153,416,153,416
153,153,153,153
153,153,153,153
153,153,153,153
153,154,153,154
153,153,153,153
154,154,154,154
154,153,154,153
154,154,154,154
154,154,154,154
154,154,154,154
154,153,154,153
154,154,154,154
154,154,154,154
154,154,154,154
154,154,154,154
155,155,155,155
155,155,155,155
155,155,155,155
155,165,155,165
155,155,155,155
155,155,155,155
155,156,155,156
155,223,155,223
155,155,155,155
155,156,155,156
156,156,156,156
156,156,156,156
156,156,156,156
156,156,156,156
156,156,156,156
156,156,156,156
156,156,156,156
156,156,156,156
156,156,156,156
156,156,156,156
157,157,157,157
157,157,157,157
157,157,157,157
157,157,157,157
157,157,157,157
157,193,157,193
157,165,157,165
157,157,157,157
157,157,157,157
157,157,157,157
158,158,158,158
158,158,158,158
158,158,158,158
158,158,158,158
158,161,158,161
158,158,158,158
158,177,158,177
158,158,158,158
158,158,158,158
158,158,158,158
159,156,159,156
159,178,159,178
159,159,159,159
159,159,159,159
159,168,159,168
159,159,159,159
159,227,159,227
159,159,159,159
159,159,159,159
159,159,159,159
160,161,160,161
160,163,160,163
160,160,160,160
160,161,160,161
160,163,160,163
160,162,160,162
160,163,160,163
160,151,160,151
160,161,160,161
160,162,160,162
161,161,161,161
161,160,161,160
161,160,161,160
161,161,161,161
161,162,161,162
161,152,161,152
161,161,161,161
161,162,161,162
161,162,161,162
161,149,161,149
162,163,162,163
162,163,162,163
162,163,162,163
162,162,162,162
162,161,162,161
162,165,162,165
162,163,162,163
162,178,162,178
162,163,162,163
162,162,162,162
163,163,163,163
163,160,163,160
163,160,163,160
163,163,163,163
163,226,163,226
163,163,163,163
163,163,163,163
163,162,163,162
163,163,163,163
163,163,163,163
164,164,164,164
164,164,164,164
164,164,164,164
164,164,164,164
164,164,164,164
164,164,164,164
164,164,164,164
164,157,164,157
164,164,164,164
164,164,164,164
165,165,165,165
165,165,165,165
165,156,165,156
165,165,165,165
165,165,165,165
165,165,165,165
165,165,165,165
165,165,165,165
165,165,165,165
165,165,165,165
166,166,166,166
166,166,166,166
166,206,166,206
166,166,166,166
166,166,166,166
166,173,166,173
166,208,166,208
166,166,166,166
166,166,166,166
166,176,166,176
167,167,167,167
167,167,167,167
167,167,167,167
167,167,167,167
167,167,167,167
167,167,167,167
167,167,167,167
167,167,167,167
167,167,167,167
167,167,167,167
168,168,168,168
168,168,168,168
168,168,168,168
168,168,168,168
168,168,168,168
168,168,168,168
168,168,168,168
168,168,168,168
168,168,168,168
168,168,168,168
169,169,169,169
169,195,169,195
169,169,169,169
169,218,169,218
169,152,169,152
169,169,169,169
169,169,169,169
169,169,169,169
169,169,169,169
169,169,169,169
170,170,170,170
170,208,170,208
170,170,170,170
170,170,170,170
170,190,170,190
170,190,170,190
170,170,170,170
170,170,170,170
170,41,170,041
170,170,170,170
171,445,171,445
171,64,171,064
171,171,171,171
171,171,171,171
171,488,171,488
171,171,171,171
171,171,171,171
171,171,171,171
171,171,171,171
171,487,171,487
172,172,172,172
172,172,172,172
172,393,172,393
172,182,172,182
172,162,172,162
172,172,172,172
172,172,172,172
172,172,172,172
172,223,172,223
172,172,172,172
173,180,173,180
173,173,173,173
173,211,173,211
173,173,173,173
173,172,173,172
173,173,173,173
173,195,173,195
173,203,173,203
173,173,173,173
173,201,173,201
174,174,174,174
174,174,174,174
174,174,174,174
174,174,174,174
174,174,174,174
174,226,174,226
174,172,174,172
174,174,174,174
174,174,174,174
174,174,174,174
175,353,175,353
175,175,175,175
175,370,175,370
175,175,175,175
175,158,175,158
175,175,175,175
175,175,175,175
175,175,175,175
175,188,175,188
175,175,175,175
176,201,176,201
176,176,176,176
176,176,176,176
176,183,176,183
176,177,176,177
176,201,176,201
176,186,176,186
176,176,176,176
176,176,176,176
176,176,176,176
177,195,177,195
177,211,177,211
177,179,177,179
177,177,177,177
177,41,177,041
177,177,177,177
177,169,177,169
177,177,177,177
177,177,177,177
177,177,177,177
178,304,178,304
178,178,178,178
178,48,178,048
178,178,178,178
178,177,178,177
178,156,178,156
178,179,178,179
178,177,178,177
178,178,178,178
178,223,178,223
179,204,179,204
179,179,179,179
179,203,179,203
179,203,179,203
179,177,179,177
179,204,179,204
179,204,179,204
179,179,179,179
179,179,179,179
179,179,179,179
180,220,180,220
180,180,180,180
180,180,180,180
180,180,180,180
180,180,180,180
180,174,180,174
180,180,180,180
180,180,180,180
180,178,180,178
180,180,180,180
181,181,181,181
181,191,181,191
181,172,181,172
181,181,181,181
181,152,181,152
181,181,181,181
181,181,181,181
181,173,181,173
181,309,181,309
181,181,181,181
182,182,182,182
182,181,182,181
182,216,182,216
182,245,182,245
182,154,182,154
182,116,182,116
182,188,182,188
182,164,182,164
182,182,182,182
182,182,182,182
183,183,183,183
183,183,183,183
183,223,183,223
183,183,183,183
183,208,183,208
183,183,183,183
183,203,183,203
183,183,183,183
183,183,183,183
183,183,183,183
184,184,184,184
184,184,184,184
184,184,184,184
184,184,184,184
184,184,184,184
184,193,184,193
184,41,184,041
184,184,184,184
184,184,184,184
184,184,184,184
185,185,185,185
185,185,185,185
185,181,185,181
185,185,185,185
185,185,185,185
185,185,185,185
185,207,185,207
185,185,185,185
185,207,185,207
185,185,185,185
186,186,186,186
186,186,186,186
186,186,186,186
186,214,186,214
186,186,186,186
186,187,186,187
186,176,186,176
186,224,186,224
186,186,186,186
186,187,186,187
187,195,187,195
187,186,187,186
187,353,187,353
187,187,187,187
187,186,187,186
187,223,187,223
187,186,187,186
187,173,187,173
187,231,187,231
187,466,187,466
188,188,188,188
188,188,188,188
188,188,188,188
188,432,188,432
188,188,188,188
188,205,188,205
188,465,188,465
188,188,188,188
188,190,188,190
188,188,188,188
189,189,189,189
189,189,189,189
189,189,189,189
189,189,189,189
189,189,189,189
189,189,189,189
189,189,189,189
189,196,189,196
189,189,189,189
189,189,189,189
190,393,190,393
190,190,190,190
190,190,190,190
190,190,190,190
190,190,190,190
190,190,190,190
190,38,190,038
190,190,190,190
190,190,190,190
190,190,190,190
191,191,191,191
191,243,191,243
191,191,191,191
191,87,191,087
191,191,191,191
191,191,191,191
191,197,191,197
191,189,191,189
191,192,191,192
191,192,191,192
192,192,192,192
192,209,192,209
192,192,192,192
192,192,192,192
192,209,192,209
192,192,192,192
192,179,192,179
192,192,192,192
192,238,192,238
192,192,192,192
193,193,193,193
193,193,193,193
193,188,193,188
193,193,193,193
193,194,193,194
193,184,193,184
193,217,193,217
193,184,193,184
193,193,193,193
193,193,193,193
194,194,194,194
194,194,194,194
194,194,194,194
194,194,194,194
194,194,194,194
194,194,194,194
194,194,194,194
194,440,194,440
194,194,194,194
194,194,194,194
195,177,195,177
195,76,195,076
195,41,195,041
195,168,195,168
195,195,195,195
195,195,195,195
195,195,195,195
195,195,195,195
195,195,195,195
195,173,195,173
196,196,196,196
196,196,196,196
196,196,196,196
196,196,196,196
196,196,196,196
196,196,196,196
196,187,196,187
196,196,196,196
196,196,196,196
196,192,196,192
197,197,197,197
197,197,197,197
197,197,197,197
197,197,197,197
197,226,197,226
197,197,197,197
197,197,197,197
197,33,197,033
197,197,197,197
197,224,197,224
198,190,198,190
198,209,198,209
198,198,198,198
198,198,198,198
198,205,198,205
198,189,198,189
198,192,198,192
198,198,198,198
198,198,198,198
198,209,198,209
199,199,199,199
199,199,199,199
199,186,199,186
199,199,199,199
199,199,199,199
199,199,199,199
199,205,199,205
199,186,199,186
199,199,199,199
199,186,199,186
200,186,200,186
200,200,200,200
200,200,200,200
200,200,200,200
200,193,200,193
200,200,200,200
200,200,200,200
200,200,200,200
200,245,200,245
200,188,200,188
201,201,201,201
201,173,201,173
201,201,201,201
201,201,201,201
201,201,201,201
201,210,201,210
201,201,201,201
201,201,201,201
201,201,201,201
201,201,201,201
202,202,202,202
202,202,202,202
202,188,202,188
202,202,202,202
202,202,202,202
202,405,202,405
202,169,202,169
202,188,202,188
202,238,202,238
202,202,202,202
203,192,203,192
203,178,203,178
203,203,203,203
203,203,203,203
203,176,203,176
203,180,203,180
203,203,203,203
203,203,203,203
203,180,203,180
203,204,203,204
204,204,204,204
204,205,204,205
204,204,204,204
204,204,204,204
204,203,204,203
204,187,204,187
204,203,204,203
204,204,204,204
204,204,204,204
204,228,204,228
205,205,205,205
205,207,205,207
205,205,205,205
205,205,205,205
205,205,205,205
205,207,205,207
205,205,205,205
205,205,205,205
205,203,205,203
205,205,205,205
206,122,206,122
206,156,206,156
206,206,206,206
206,206,206,206
206,206,206,206
206,206,206,206
206,206,206,206
206,206,206,206
206,206,206,206
206,206,206,206
207,207,207,207
207,190,207,190
207,194,207,194
207,207,207,207
207,186,207,186
207,207,207,207
207,204,207,204
207,193,207,193
207,207,207,207
207,207,207,207
208,208,208,208
208,208,208,208
208,208,208,208
208,208,208,208
208,208,208,208
208,495,208,495
208,209,208,209
208,194,208,194
208,209,208,209
208,204,208,204
209,209,209,209
209,479,209,479
209,209,209,209
209,208,209,208
209,208,209,208
209,209,209,209
209,208,209,208
209,209,209,209
209,209,209,209
209,209,209,209
210,211,210,211
210,210,210,210
210,210,210,210
210,233,210,233
210,210,210,210
210,210,210,210
210,210,210,210
210,210,210,210
210,212,210,212
210,301,210,301
211,247,211,247
211,210,211,210
211,211,211,211
211,211,211,211
211,211,211,211
211,211,211,211
211,211,211,211
211,206,211,206
211,211,211,211
211,185,211,185
212,163,212,163
212,212,212,212
212,212,212,212
212,162,212,162
212,162,212,162
212,152,212,152
212,151,212,151
212,212,212,212
212,212,212,212
212,28,212,028
213,213,213,213
213,213,213,213
213,162,213,162
213,213,213,213
213,152,213,152
213,152,213,152
213,213,213,213
213,213,213,213
213,213,213,213
213,213,213,213
214,214,214,214
214,214,214,214
214,403,214,403
214,214,214,214
214,279,214,279
214,215,214,215
214,214,214,214
214,214,214,214
214,171,214,171
214,188,214,188
215,215,215,215
215,228,215,228
215,33,215,033
215,215,215,215
215,214,215,214
215,237,215,237
215,215,215,215
215,215,215,215
215,214,215,214
215,215,215,215
216,216,216,216
216,150,216,150
216,216,216,216
216,217,216,217
216,150,216,150
216,178,216,178
216,229,216,229
216,152,216,152
216,150,216,150
216,216,216,216
217,217,217,217
217,150,217,150
217,178,217,178
217,217,217,217
217,217,217,217
217,217,217,217
217,217,217,217
217,217,217,217
217,220,217,220
217,217,217,217
218,218,218,218
218,218,218,218
218,218,218,218
218,218,218,218
218,218,218,218
218,218,218,218
218,218,218,218
218,218,218,218
218,218,218,218
218,218,218,218
219,219,219,219
219,134,219,134
219,251,219,251
219,219,219,219
219,219,219,219
219,150,219,150
219,219,219,219
219,219,219,219
219,136,219,136
219,219,219,219
220,220,220,220
220,220,220,220
220,220,220,220
220,220,220,220
220,220,220,220
220,220,220,220
220,220,220,220
220,220,220,220
220,220,220,220
220,162,220,162
221,222,221,222
221,221,221,221
221,221,221,221
221,221,221,221
221,221,221,221
221,221,221,221
221,221,221,221
221,221,221,221
221,221,221,221
221,229,221,229
222,222,222,222
222,222,222,222
222,488,222,488
222,222,222,222
222,233,222,233
222,143,222,143
222,233,222,233
222,222,222,222
222,263,222,263
222,138,222,138
223,223,223,223
223,223,223,223
223,281,223,281
223,156,223,156
223,221,223,221
223,224,223,224
223,223,223,223
223,49,223,049
223,246,223,246
223,223,223,223
224,224,224,224
224,224,224,224
224,237,224,237
224,224,224,224
224,222,224,222
224,224,224,224
224,224,224,224
224,224,224,224
224,224,224,224
224,224,224,224
225,225,225,225
225,223,225,223
225,223,225,223
225,233,225,233
225,220,225,220
225,225,225,225
225,223,225,223
225,226,225,226
225,224,225,224
225,223,225,223
226,226,226,226
226,214,226,214
226,226,226,226
226,226,226,226
226,226,226,226
226,226,226,226
226,76,226,076
226,226,226,226
226,226,226,226
226,216,226,216
227,227,227,227
227,227,227,227
227,227,227,227
227,232,227,232
227,227,227,227
227,227,227,227
227,227,227,227
227,227,227,227
227,227,227,227
227,151,227,151
228,228,228,228
228,228,228,228
228,228,228,228
228,228,228,228
228,228,228,228
228,228,228,228
228,228,228,228
228,228,228,228
228,228,228,228
228,228,228,228
229,229,229,229
229,229,229,229
229,229,229,229
229,229,229,229
229,229,229,229
229,229,229,229
229,232,229,232
229,229,229,229
229,229,229,229
229,229,229,229
230,230,230,230
230,152,230,152
230,272,230,272
230,150,230,150
230,407,230,407
230,150,230,150
230,230,230,230
230,232,230,232
230,130,230,130
230,230,230,230
231,231,231,231
231,231,231,231
231,231,231,231
231,231,231,231
231,231,231,231
231,231,231,231
231,231,231,231
231,231,231,231
231,231,231,231
231,231,231,231
232,232,232,232
232,232,232,232
232,232,232,232
232,232,232,232
232,232,232,232
232,232,232,232
232,232,232,232
232,232,232,232
232,232,232,232
232,257,232,257
233,233,233,233
233,186,233,186
233,233,233,233
233,222,233,222
233,233,233,233
233,168,233,168
233,233,233,233
233,233,233,233
233,167,233,167
233,233,233,233
234,141,234,141
234,235,234,235
234,234,234,234
234,234,234,234
234,234,234,234
234,234,234,234
234,234,234,234
234,234,234,234
234,246,234,246
234,235,234,235
235,235,235,235
235,235,235,235
235,235,235,235
235,235,235,235
235,235,235,235
235,162,235,162
235,235,235,235
235,234,235,234
235,235,235,235
235,145,235,145
236,241,236,241
236,236,236,236
236,240,236,240
236,236,236,236
236,241,236,241
236,236,236,236
236,462,236,462
236,236,236,236
236,241,236,241
236,236,236,236
237,237,237,237
237,145,237,145
237,237,237,237
237,476,237,476
237,237,237,237
237,246,237,246
237,272,237,272
237,237,237,237
237,237,237,237
237,296,237,296
238,238,238,238
238,238,238,238
238,240,238,240
238,238,238,238
238,238,238,238
238,467,238,467
238,238,238,238
238,398,238,398
238,238,238,238
238,238,238,238
239,91,239,091
239,239,239,239
239,239,239,239
239,241,239,241
239,239,239,239
239,239,239,239
239,239,239,239
239,239,239,239
239,241,239,241
239,239,239,239
240,240,240,240
240,245,240,245
240,240,240,240
240,245,240,245
240,128,240,128
240,129,240,129
240,240,240,240
240,240,240,240
240,240,240,240
240,240,240,240
241,245,241,245
241,78,241,078
241,245,241,245
241,236,241,236
241,236,241,236
241,245,241,245
241,241,241,241
241,241,241,241
241,236,241,236
241,238,241,238
242,242,242,242
242,242,242,242
242,236,242,236
242,242,242,242
242,242,242,242
242,242,242,242
242,242,242,242
242,242,242,242
242,145,242,145
242,238,242,238
243,238,243,238
243,243,243,243
243,243,243,243
243,247,243,247
243,243,243,243
243,243,243,243
243,388,243,388
243,243,243,243
243,243,243,243
243,243,243,243
244,244,244,244
244,202,244,202
244,244,244,244
244,244,244,244
244,107,244,107
244,244,244,244
244,237,244,237
244,244,244,244
244,214,244,214
244,244,244,244
245,245,245,245
245,245,245,245
245,245,245,245
245,243,245,243
245,245,245,245
245,245,245,245
245,245,245,245
245,245,245,245
245,248,245,248
245,245,245,245
246,246,246,246
246,246,246,246
246,246,246,246
246,243,246,243
246,246,246,246
246,246,246,246
246,246,246,246
246,246,246,246
246,246,246,246
246,246,246,246
247,157,247,157
247,231,247,231
247,248,247,248
247,247,247,247
247,248,247,248
247,247,247,247
247,247,247,247
247,241,247,241
247,247,247,247
247,6,247,006
248,248,248,248
248,228,248,228
248,155,248,155
248,248,248,248
248,247,248,247
248,248,248,248
248,248,248,248
248,105,248,105
248,248,248,248
248,248,248,248
249,249,249,249
249,249,249,249
249,249,249,249
249,249,249,249
249,249,249,249
249,249,249,249
249,249,249,249
249,257,249,257
249,249,249,249
249,249,249,249
250,250,250,250
250,250,250,250
250,250,250,250
250,250,250,250
250,250,250,250
250,250,250,250
250,250,250,250
250,250,250,250
250,252,250,252
250,250,250,250
251,251,251,251
251,252,251,252
251,133,251,133
251,251,251,251
251,251,251,251
251,251,251,251
251,251,251,251
251,251,251,251
251,251,251,251
251,251,251,251
252,41,252,041
252,7,252,007
252,250,252,250
252,252,252,252
252,127,252,127
252,252,252,252
252,252,252,252
252,252,252,252
252,252,252,252
252,252,252,252
253,253,253,253
253,257,253,257
253,253,253,253
253,253,253,253
253,253,253,253
253,253,253,253
253,253,253,253
253,253,253,253
253,253,253,253
253,253,253,253
254,254,254,254
254,254,254,254
254,254,254,254
254,266,254,266
254,254,254,254
254,254,254,254
254,252,254,252
254,254,254,254
254,254,254,254
254,254,254,254
255,255,255,255
255,255,255,255
255,255,255,255
255,255,255,255
255,255,255,255
255,255,255,255
255,255,255,255
255,255,255,255
255,255,255,255
255,255,255,255
256,256,256,256
256,256,256,256
256,256,256,256
256,256,256,256
256,256,256,256
256,256,256,256
256,256,256,256
256,256,256,256
256,256,256,256
256,256,256,256
257,257,257,257
257,137,257,137
257,257,257,257
257,254,257,254
257,259,257,259
257,257,257,257
257,257,257,257
257,257,257,257
257,257,257,257
257,257,257,257
258,258,258,258
258,258,258,258
258,258,258,258
258,259,258,259
258,258,258,258
258,258,258,258
258,258,258,258
258,258,258,258
258,258,258,258
258,123,258,123
259,259,259,259
259,259,259,259
259,259,259,259
259,259,259,259
259,259,259,259
259,259,259,259
259,259,259,259
259,259,259,259
259,259,259,259
259,246,259,246
260,260,260,260
260,260,260,260
260,260,260,260
260,260,260,260
260,260,260,260
260,260,260,260
260,260,260,260
260,260,260,260
260,260,260,260
260,259,260,259
261,261,261,261
261,261,261,261
261,261,261,261
261,264,261,264
261,248,261,248
261,261,261,261
261,261,261,261
261,263,261,263
261,261,261,261
261,263,261,263
262,262,262,262
262,262,262,262
262,262,262,262
262,262,262,262
262,262,262,262
262,262,262,262
262,262,262,262
262,262,262,262
262,262,262,262
262,262,262,262
263,263,263,263
263,263,263,263
263,263,263,263
263,263,263,263
263,263,263,263
263,263,263,263
263,38,263,038
263,263,263,263
263,263,263,263
263,231,263,231
264,264,264,264
264,264,264,264
264,263,264,263
264,226,264,226
264,264,264,264
264,264,264,264
264,254,264,254
264,264,264,264
264,264,264,264
264,264,264,264
265,265,265,265
265,265,265,265
265,265,265,265
265,265,265,265
265,269,265,269
265,265,265,265
265,265,265,265
265,264,265,264
265,265,265,265
265,265,265,265
266,266,266,266
266,266,266,266
266,266,266,266
266,266,266,266
266,264,266,264
266,266,266,266
266,266,266,266
266,266,266,266
266,266,266,266
266,5,266,005
267,267,267,267
267,267,267,267
267,267,267,267
267,267,267,267
267,267,267,267
267,267,267,267
267,267,267,267
267,267,267,267
267,267,267,267
267,265,267,265
268,111,268,111
268,268,268,268
268,238,268,238
268,268,268,268
268,268,268,268
268,268,268,268
268,268,268,268
268,264,268,264
268,268,268,268
268,268,268,268
269,269,269,269
269,269,269,269
269,269,269,269
269,269,269,269
269,269,269,269
269,32,269,032
269,269,269,269
269,269,269,269
269,269,269,269
269,269,269,269
270,270,270,270
270,270,270,270
270,270,270,270
270,270,270,270
270,270,270,270
270,270,270,270
270,270,270,270
270,269,270,269
270,270,270,270
270,270,270,270
271,271,271,271
271,271,271,271
271,271,271,271
271,271,271,271
271,271,271,271
271,271,271,271
271,271,271,271
271,271,271,271
271,271,271,271
271,271,271,271
272,272,272,272
272,272,272,272
272,215,272,215
272,272,272,272
272,272,272,272
272,289,272,289
272,252,272,252
272,272,272,272
272,272,272,272
272,272,272,272
273,273,273,273
273,273,273,273
273,273,273,273
273,273,273,273
273,273,273,273
273,273,273,273
273,273,273,273
273,273,273,273
273,273,273,273
273,273,273,273
274,274,274,274
274,274,274,274
274,274,274,274
274,274,274,274
274,274,274,274
274,274,274,274
274,274,274,274
274,274,274,274
274,407,274,407
274,274,274,274
275,275,275,275
275,275,275,275
275,275,275,275
275,275,275,275
275,275,275,275
275,348,275,348
275,275,275,275
275,275,275,275
275,275,275,275
275,275,275,275
276,276,276,276
276,276,276,276
276,276,276,276
276,276,276,276
276,276,276,276
276,276,276,276
276,276,276,276
276,276,276,276
276,276,276,276
276,276,276,276
277,277,277,277
277,275,277,275
277,277,277,277
277,277,277,277
277,277,277,277
277,255,277,255
277,277,277,277
277,277,277,277
277,277,277,277
277,277,277,277
278,275,278,275
278,278,278,278
278,278,278,278
278,312,278,312
278,278,278,278
278,278,278,278
278,278,278,278
278,278,278,278
278,278,278,278
278,278,278,278
279,279,279,279
279,279,279,279
279,279,279,279
279,279,279,279
279,279,279,279
279,279,279,279
279,279,279,279
279,279,279,279
279,279,279,279
279,279,279,279
280,280,280,280
280,280,280,280
280,280,280,280
280,280,280,280
280,280,280,280
280,280,280,280
280,280,280,280
280,280,280,280
280,177,280,177
280,441,280,441
281,281,281,281
281,331,281,331
281,142,281,142
281,281,281,281
281,306,281,306
281,295,281,295
281,281,281,281
281,281,281,281
281,281,281,281
281,281,281,281
282,282,282,282
282,282,282,282
282,282,282,282
282,282,282,282
282,282,282,282
282,282,282,282
282,282,282,282
282,282,282,282
282,282,282,282
282,282,282,282
283,241,283,241
283,283,283,283
283,283,283,283
283,283,283,283
283,283,283,283
283,348,283,348
283,310,283,310
283,283,283,283
283,387,283,387
283,490,283,490
284,306,284,306
284,284,284,284
284,114,284,114
284,284,284,284
284,456,284,456
284,28,284,028
284,326,284,326
284,284,284,284
284,396,284,396
284,396,284,396
285,285,285,285
285,285,285,285
285,285,285,285
285,285,285,285
285,285,285,285
285,285,285,285
285,285,285,285
285,285,285,285
285,285,285,285
285,285,285,285
286,399,286,399
286,286,286,286
286,286,286,286
286,286,286,286
286,286,286,286
286,286,286,286
286,286,286,286
286,286,286,286
286,286,286,286
286,286,286,286
287,287,287,287
287,287,287,287
287,287,287,287
287,287,287,287
287,287,287,287
287,361,287,361
287,287,287,287
287,287,287,287
287,287,287,287
287,282,287,282
288,288,288,288
288,288,288,288
288,279,288,279
288,288,288,288
288,288,288,288
288,288,288,288
288,449,288,449
288,383,288,383
288,288,288,288
288,288,288,288
289,289,289,289
289,289,289,289
289,289,289,289
289,289,289,289
289,289,289,289
289,289,289,289
289,289,289,289
289,289,289,289
289,289,289,289
289,455,289,455
290,290,290,290
290,412,290,412
290,290,290,290
290,290,290,290
290,295,290,295
290,446,290,446
290,295,290,295
290,290,290,290
290,290,290,290
290,295,290,295
291,291,291,291
291,291,291,291
291,291,291,291
291,364,291,364
291,291,291,291
291,291,291,291
291,364,291,364
291,291,291,291
291,291,291,291
291,291,291,291
292,292,292,292
292,75,292,075
292,350,292,350
292,275,292,275
292,496,292,496
292,292,292,292
292,296,292,296
292,292,292,292
292,396,292,396
292,292,292,292
293,293,293,293
293,293,293,293
293,293,293,293
293,293,293,293
293,364,293,364
293,293,293,293
293,293,293,293
293,293,293,293
293,293,293,293
293,293,293,293
294,294,294,294
294,294,294,294
294,294,294,294
294,294,294,294
294,294,294,294
294,294,294,294
294,294,294,294
294,294,294,294
294,294,294,294
294,294,294,294
295,295,295,295
295,295,295,295
295,295,295,295
295,295,295,295
295,295,295,295
295,295,295,295
295,289,295,289
295,295,295,295
295,295,295,295
295,295,295,295
296,296,296,296
296,296,296,296
296,296,296,296
296,296,296,296
296,296,296,296
296,296,296,296
296,292,296,292
296,296,296,296
296,296,296,296
296,296,296,296
297,257,297,257
297,297,297,297
297,297,297,297
297,297,297,297
297,297,297,297
297,297,297,297
297,297,297,297
297,297,297,297
297,303,297,303
297,297,297,297
298,298,298,298
298,298,298,298
298,298,298,298
298,298,298,298
298,299,298,299
298,298,298,298
298,298,298,298
298,298,298,298
298,298,298,298
298,298,298,298
299,299,299,299
299,299,299,299
299,299,299,299
299,299,299,299
299,299,299,299
299,299,299,299
299,299,299,299
299,299,299,299
299,299,299,299
299,299,299,299
300,300,300,300
300,305,300,305
300,300,300,300
300,300,300,300
300,300,300,300
300,300,300,300
300,300,300,300
300,300,300,300
300,300,300,300
300,300,300,300
301,301,301,301
301,301,301,301
301,301,301,301
301,301,301,301
301,301,301,301
301,301,301,301
301,301,301,301
301,301,301,301
301,301,301,301
301,248,301,248
302,302,302,302
302,302,302,302
302,294,302,294
302,302,302,302
302,302,302,302
302,302,302,302
302,302,302,302
302,302,302,302
302,481,302,481
302,302,302,302
303,297,303,297
303,303,303,303
303,84,303,084
303,249,303,249
303,303,303,303
303,269,303,269
303,303,303,303
303,332,303,332
303,301,303,301
303,122,303,122
304,304,304,304
304,95,304,095
304,304,304,304
304,304,304,304
304,304,304,304
304,304,304,304
304,304,304,304
304,310,304,310
304,304,304,304
304,304,304,304
305,305,305,305
305,305,305,305
305,305,305,305
305,305,305,305
305,305,305,305
305,309,305,309
305,305,305,305
305,305,305,305
305,305,305,305
305,305,305,305
306,472,306,472
306,306,306,306
306,306,306,306
306,306,306,306
306,306,306,306
306,95,306,095
306,306,306,306
306,306,306,306
306,309,306,309
306,305,306,305
307,307,307,307
307,388,307,388
307,297,307,297
307,313,307,313
307,307,307,307
307,307,307,307
307,307,307,307
307,307,307,307
307,343,307,343
307,281,307,281
308,308,308,308
308,308,308,308
308,308,308,308
308,308,308,308
308,308,308,308
308,308,308,308
308,305,308,305
308,308,308,308
308,310,308,310
308,308,308,308
309,229,309,229
309,309,309,309
309,309,309,309
309,309,309,309
309,309,309,309
309,309,309,309
309,309,309,309
309,309,309,309
309,309,309,309
309,309,309,309
310,310,310,310
310,310,310,310
310,310,310,310
310,310,310,310
310,310,310,310
310,310,310,310
310,383,310,383
310,310,310,310
310,310,310,310
310,310,310,310
311,311,311,311
311,311,311,311
311,311,311,311
311,311,311,311
311,277,311,277
311,311,311,311
311,311,311,311
311,311,311,311
311,311,311,311
311,95,311,095
312,366,312,366
312,304,312,304
312,312,312,312
312,312,312,312
312,424,312,424
312,366,312,366
312,312,312,312
312,289,312,289
312,312,312,312
312,470,312,470
313,331,313,331
313,313,313,313
313,313,313,313
313,313,313,313
313,313,313,313
313,313,313,313
313,458,313,458
313,349,313,349
313,313,313,313
313,313,313,313
314,297,314,297
314,363,314,363
314,314,314,314
314,314,314,314
314,314,314,314
314,314,314,314
314,332,314,332
314,314,314,314
314,457,314,457
314,314,314,314
315,315,315,315
315,315,315,315
315,315,315,315
315,315,315,315
315,315,315,315
315,315,315,315
315,317,315,317
315,315,315,315
315,315,315,315
315,315,315,315
316,316,316,316
316,316,316,316
316,316,316,316
316,316,316,316
316,316,316,316
316,316,316,316
316,303,316,303
316,316,316,316
316,433,316,433
316,316,316,316
317,303,317,303
317,430,317,430
317,317,317,317
317,317,317,317
317,469,317,469
317,317,317,317
317,335,317,335
317,317,317,317
317,317,317,317
317,309,317,309
318,318,318,318
318,318,318,318
318,318,318,318
318,318,318,318
318,318,318,318
318,325,318,325
318,318,318,318
318,329,318,329
318,318,318,318
318,318,318,318
319,319,319,319
319,319,319,319
319,465,319,465
319,319,319,319
319,319,319,319
319,319,319,319
319,279,319,279
319,319,319,319
319,319,319,319
319,319,319,319
320,320,320,320
320,441,320,441
320,320,320,320
320,479,320,479
320,311,320,311
320,320,320,320
320,320,320,320
320,458,320,458
320,320,320,320
320,457,320,457
321,321,321,321
321,321,321,321
321,321,321,321
321,321,321,321
321,321,321,321
321,321,321,321
321,321,321,321
321,321,321,321
321,321,321,321
321,438,321,438
322,322,322,322
322,322,322,322
322,283,322,283
322,322,322,322
322,322,322,322
322,322,322,322
322,322,322,322
322,322,322,322
322,322,322,322
322,322,322,322
323,61,323,061
323,323,323,323
323,334,323,334
323,428,323,428
323,334,323,334
323,401,323,401
323,307,323,307
323,323,323,323
323,323,323,323
323,323,323,323
324,287,324,287
324,304,324,304
324,324,324,324
324,324,324,324
324,318,324,318
324,324,324,324
324,324,324,324
324,434,324,434
324,324,324,324
324,459,324,459
325,441,325,441
325,325,325,325
325,325,325,325
325,325,325,325
325,325,325,325
325,325,325,325
325,325,325,325
325,325,325,325
325,470,325,470
325,412,325,412
326,326,326,326
326,333,326,333
326,326,326,326
326,326,326,326
326,276,326,276
326,387,326,387
326,326,326,326
326,457,326,457
326,326,326,326
326,326,326,326
327,327,327,327
327,341,327,341
327,327,327,327
327,327,327,327
327,327,327,327
327,327,327,327
327,327,327,327
327,327,327,327
327,327,327,327
327,327,327,327
328,328,328,328
328,311,328,311
328,328,328,328
328,334,328,334
328,327,328,327
328,328,328,328
328,334,328,334
328,321,328,321
328,328,328,328
328,328,328,328
329,329,329,329
329,350,329,350
329,329,329,329
329,329,329,329
329,313,329,313
329,329,329,329
329,329,329,329
329,329,329,329
329,329,329,329
329,329,329,329
330,330,330,330
330,330,330,330
330,330,330,330
330,282,330,282
330,330,330,330
330,330,330,330
330,330,330,330
330,330,330,330
330,330,330,330
330,330,330,330
331,331,331,331
331,331,331,331
331,424,331,424
331,331,331,331
331,331,331,331
331,331,331,331
331,331,331,331
331,331,331,331
331,331,331,331
331,331,331,331
332,332,332,332
332,332,332,332
332,332,332,332
332,366,332,366
332,378,332,378
332,332,332,332
332,332,332,332
332,332,332,332
332,332,332,332
332,475,332,475
333,373,333,373
333,333,333,333
333,463,333,463
333,333,333,333
333,333,333,333
333,333,333,333
333,333,333,333
333,333,333,333
333,333,333,333
333,279,333,279
334,334,334,334
334,334,334,334
334,348,334,348
334,334,334,334
334,334,334,334
334,334,334,334
334,334,334,334
334,334,334,334
334,334,334,334
334,334,334,334
335,335,335,335
335,366,335,366
335,335,335,335
335,335,335,335
335,332,335,332
335,335,335,335
335,335,335,335
335,335,335,335
335,335,335,335
335,335,335,335
336,336,336,336
336,404,336,404
336,336,336,336
336,336,336,336
336,391,336,391
336,336,336,336
336,336,336,336
336,289,336,289
336,336,336,336
336,336,336,336
337,337,337,337
337,337,337,337
337,337,337,337
337,337,337,337
337,337,337,337
337,337,337,337
337,337,337,337
337,337,337,337
337,337,337,337
337,337,337,337
338,428,338,428
338,338,338,338
338,338,338,338
338,338,338,338
338,338,338,338
338,283,338,283
338,338,338,338
338,338,338,338
338,338,338,338
338,338,338,338
339,339,339,339
339,374,339,374
339,420,339,420
339,334,339,334
339,339,339,339
339,330,339,330
339,44,339,044
339,320,339,320
339,258,339,258
339,340,339,340
340,315,340,315
340,340,340,340
340,401,340,401
340,401,340,401
340,349,340,349
340,340,340,340
340,340,340,340
340,8,340,008
340,340,340,340
340,340,340,340
341,99,341,099
341,341,341,341
341,341,341,341
341,341,341,341
341,341,341,341
341,341,341,341
341,341,341,341
341,429,341,429
341,341,341,341
341,341,341,341
342,342,342,342
342,342,342,342
342,313,342,313
342,389,342,389
342,342,342,342
342,342,342,342
342,342,342,342
342,342,342,342
342,342,342,342
342,297,342,297
343,343,343,343
343,343,343,343
343,343,343,343
343,343,343,343
343,343,343,343
343,343,343,343
343,343,343,343
343,343,343,343
343,343,343,343
343,343,343,343
344,344,344,344
344,344,344,344
344,363,344,363
344,344,344,344
344,344,344,344
344,409,344,409
344,344,344,344
344,455,344,455
344,344,344,344
344,344,344,344
345,346,345,346
345,346,345,346
345,346,345,346
345,345,345,345
345,345,345,345
345,425,345,425
345,425,345,425
345,346,345,346
345,346,345,346
345,346,345,346
346,346,346,346
346,346,346,346
346,346,346,346
346,346,346,346
346,346,346,346
346,281,346,281
346,434,346,434
346,346,346,346
346,346,346,346
346,346,346,346
347,347,347,347
347,347,347,347
347,347,347,347
347,347,347,347
347,347,347,347
347,368,347,368
347,347,347,347
347,347,347,347
347,347,347,347
347,347,347,347
348,348,348,348
348,348,348,348
348,348,348,348
348,348,348,348
348,416,348,416
348,348,348,348
348,307,348,307
348,348,348,348
348,348,348,348
348,349,348,349
349,349,349,349
349,458,349,458
349,313,349,313
349,349,349,349
349,349,349,349
349,349,349,349
349,349,349,349
349,349,349,349
349,307,349,307
349,307,349,307
350,376,350,376
350,350,350,350
350,350,350,350
350,350,350,350
350,350,350,350
350,350,350,350
350,350,350,350
350,350,350,350
350,350,350,350
350,350,350,350
351,303,351,303
351,351,351,351
351,435,351,435
351,333,351,333
351,385,351,385
351,387,351,387
351,351,351,351
351,351,351,351
351,403,351,403
351,351,351,351
352,338,352,338
352,352,352,352
352,324,352,324
352,352,352,352
352,319,352,319
352,352,352,352
352,352,352,352
352,338,352,338
352,320,352,320
352,352,352,352
353,353,353,353
353,413,353,413
353,8,353,008
353,353,353,353
353,353,353,353
353,353,353,353
353,353,353,353
353,406,353,406
353,353,353,353
353,303,353,303
354,354,354,354
354,357,354,357
354,357,354,357
354,354,354,354
354,356,354,356
354,354,354,354
354,354,354,354
354,119,354,119
354,354,354,354
354,356,354,356
355,355,355,355
355,355,355,355
355,355,355,355
355,356,355,356
355,355,355,355
355,355,355,355
355,355,355,355
355,355,355,355
355,355,355,355
355,357,355,357
356,356,356,356
356,356,356,356
356,356,356,356
356,358,356,358
356,356,356,356
356,356,356,356
356,356,356,356
356,356,356,356
356,356,356,356
356,354,356,354
357,357,357,357
357,477,357,477
357,357,357,357
357,357,357,357
357,357,357,357
357,357,357,357
357,357,357,357
357,357,357,357
357,357,357,357
357,357,357,357
358,358,358,358
358,452,358,452
358,358,358,358
358,358,358,358
358,355,358,355
358,358,358,358
358,358,358,358
358,358,358,358
358,358,358,358
358,358,358,358
359,359,359,359
359,359,359,359
359,359,359,359
359,359,359,359
359,359,359,359
359,359,359,359
359,359,359,359
359,307,359,307
359,359,359,359
359,359,359,359
360,360,360,360
360,360,360,360
360,360,360,360
360,360,360,360
360,281,360,281
360,360,360,360
360,360,360,360
360,360,360,360
360,360,360,360
360,360,360,360
361,361,361,361
361,361,361,361
361,361,361,361
361,361,361,361
361,453,361,453
361,361,361,361
361,361,361,361
361,361,361,361
361,361,361,361
361,361,361,361
362,362,362,362
362,313,362,313
362,391,362,391
362,362,362,362
362,455,362,455
362,362,362,362
362,361,362,361
362,362,362,362
362,365,362,365
362,307,362,307
363,363,363,363
363,363,363,363
363,363,363,363
363,363,363,363
363,363,363,363
363,363,363,363
363,363,363,363
363,363,363,363
363,363,363,363
363,363,363,363
364,364,364,364
364,364,364,364
364,364,364,364
364,364,364,364
364,309,364,309
364,364,364,364
364,364,364,364
364,304,364,304
364,364,364,364
364,364,364,364
365,365,365,365
365,365,365,365
365,313,365,313
365,365,365,365
365,365,365,365
365,389,365,389
365,365,365,365
365,365,365,365
365,365,365,365
365,420,365,420
366,366,366,366
366,366,366,366
366,366,366,366
366,443,366,443
366,366,366,366
366,366,366,366
366,366,366,366
366,473,366,473
366,473,366,473
366,366,366,366
367,367,367,367
367,367,367,367
367,417,367,417
367,367,367,367
367,367,367,367
367,367,367,367
367,368,367,368
367,367,367,367
367,366,367,366
367,367,367,367
368,368,368,368
368,370,368,370
368,308,368,308
368,368,368,368
368,368,368,368
368,368,368,368
368,347,368,347
368,368,368,368
368,306,368,306
368,368,368,368
369,369,369,369
369,309,369,309
369,369,369,369
369,369,369,369
369,369,369,369
369,369,369,369
369,369,369,369
369,369,369,369
369,369,369,369
369,369,369,369
370,370,370,370
370,479,370,479
370,263,370,263
370,380,370,380
370,119,370,119
370,407,370,407
370,324,370,324
370,387,370,387
370,388,370,388
370,392,370,392
371,371,371,371
371,371,371,371
371,371,371,371
371,371,371,371
371,473,371,473
371,371,371,371
371,371,371,371
371,371,371,371
371,371,371,371
371,478,371,478
372,372,372,372
372,279,372,279
372,372,372,372
372,279,372,279
372,279,372,279
372,372,372,372
372,279,372,279
372,372,372,372
372,372,372,372
372,372,372,372
373,373,373,373
373,334,373,334
373,373,373,373
373,373,373,373
373,340,373,340
373,373,373,373
373,373,373,373
373,373,373,373
373,373,373,373
373,373,373,373
374,459,374,459
374,374,374,374
374,374,374,374
374,374,374,374
374,374,374,374
374,374,374,374
374,374,374,374
374,458,374,458
374,374,374,374
374,374,374,374
375,293,375,293
375,375,375,375
375,375,375,375
375,375,375,375
375,405,375,405
375,375,375,375
375,375,375,375
375,473,375,473
375,375,375,375
375,339,375,339
376,376,376,376
376,376,376,376
376,376,376,376
376,453,376,453
376,376,376,376
376,376,376,376
376,376,376,376
376,448,376,448
376,376,376,376
376,376,376,376
377,377,377,377
377,377,377,377
377,377,377,377
377,377,377,377
377,368,377,368
377,198,377,198
377,377,377,377
377,377,377,377
377,335,377,335
377,377,377,377
378,402,378,402
378,378,378,378
378,366,378,366
378,460,378,460
378,378,378,378
378,378,378,378
378,378,378,378
378,378,378,378
378,378,378,378
378,378,378,378
379,379,379,379
379,379,379,379
379,379,379,379
379,379,379,379
379,379,379,379
379,379,379,379
379,379,379,379
379,379,379,379
379,379,379,379
379,465,379,465
380,380,380,380
380,474,380,474
380,380,380,380
380,380,380,380
380,380,380,380
380,380,380,380
380,489,380,489
380,380,380,380
380,380,380,380
380,197,380,197
381,281,381,281
381,279,381,279
381,381,381,381
381,381,381,381
381,381,381,381
381,381,381,381
381,333,381,333
381,333,381,333
381,416,381,416
381,381,381,381
382,382,382,382
382,382,382,382
382,382,382,382
382,382,382,382
382,382,382,382
382,382,382,382
382,382,382,382
382,382,382,382
382,382,382,382
382,382,382,382
383,284,383,284
383,449,383,449
383,237,383,237
383,297,383,297
383,279,383,279
383,308,383,308
383,2,383,002
383,449,383,449
383,383,383,383
383,214,383,214
384,384,384,384
384,384,384,384
384,384,384,384
384,384,384,384
384,384,384,384
384,384,384,384
384,384,384,384
384,384,384,384
384,384,384,384
384,384,384,384
385,348,385,348
385,479,385,479
385,385,385,385
385,385,385,385
385,407,385,407
385,385,385,385
385,385,385,385
385,379,385,379
385,348,385,348
385,407,385,407
386,386,386,386
386,386,386,386
386,386,386,386
386,478,386,478
386,386,386,386
386,386,386,386
386,386,386,386
386,386,386,386
386,386,386,386
386,386,386,386
387,387,387,387
387,387,387,387
387,284,387,284
387,387,387,387
387,387,387,387
387,387,387,387
387,283,387,283
387,382,387,382
387,465,387,465
387,405,387,405
388,388,388,388
388,388,388,388
388,379,388,379
388,388,388,388
388,477,388,477
388,388,388,388
388,388,388,388
388,353,388,353
388,388,388,388
388,388,388,388
389,389,389,389
389,389,389,389
389,389,389,389
389,454,389,454
389,389,389,389
389,389,389,389
389,389,389,389
389,389,389,389
389,389,389,389
389,389,389,389
390,390,390,390
390,427,390,427
390,390,390,390
390,390,390,390
390,390,390,390
390,390,390,390
390,357,390,357
390,289,390,289
390,390,390,390
390,390,390,390
391,390,391,390
391,391,391,391
391,391,391,391
391,391,391,391
391,391,391,391
391,391,391,391
391,391,391,391
391,391,391,391
391,391,391,391
391,391,391,391
392,313,392,313
392,392,392,392
392,119,392,119
392,392,392,392
392,370,392,370
392,392,392,392
392,465,392,465
392,348,392,348
392,392,392,392
392,392,392,392
393,403,393,403
393,393,393,393
393,283,393,283
393,403,393,403
393,403,393,403
393,393,393,393
393,393,393,393
393,393,393,393
393,393,393,393
393,403,393,403
394,394,394,394
394,464,394,464
394,394,394,394
394,394,394,394
394,394,394,394
394,394,394,394
394,464,394,464
394,394,394,394
394,404,394,404
394,394,394,394
395,442,395,442
395,281,395,281
395,5,395,005
395,395,395,395
395,406,395,406
395,383,395,383
395,458,395,458
395,194,395,194
395,285,395,285
395,284,395,284
396,396,396,396
396,306,396,306
396,396,396,396
396,325,396,325
396,396,396,396
396,396,396,396
396,396,396,396
396,396,396,396
396,396,396,396
396,396,396,396
397,397,397,397
397,397,397,397
397,479,397,479
397,397,397,397
397,397,397,397
397,397,397,397
397,397,397,397
397,397,397,397
397,397,397,397
397,397,397,397
398,377,398,377
398,496,398,496
398,332,398,332
398,405,398,405
398,441,398,441
398,398,398,398
398,398,398,398
398,489,398,489
398,427,398,427
398,128,398,128
399,399,399,399
399,399,399,399
399,399,399,399
399,399,399,399
399,399,399,399
399,399,399,399
399,334,399,334
399,399,399,399
399,399,399,399
399,399,399,399
400,400,400,400
400,400,400,400
400,400,400,400
400,400,400,400
400,400,400,400
400,400,400,400
400,324,400,324
400,400,400,400
400,292,400,292
400,400,400,400
401,401,401,401
401,401,401,401
401,401,401,401
401,290,401,290
401,401,401,401
401,401,401,401
401,401,401,401
401,401,401,401
401,401,401,401
401,401,401,401
402,433,402,433
402,43,402,043
402,461,402,461
402,432,402,432
402,250,402,250
402,402,402,402
402,403,402,403
402,378,402,378
402,459,402,459
402,475,402,475
403,445,403,445
403,433,403,433
403,403,403,403
403,488,403,488
403,403,403,403
403,403,403,403
403,332,403,332
403,403,403,403
403,404,403,404
403,467,403,467
404,491,404,491
404,404,404,404
404,404,404,404
404,404,404,404
404,469,404,469
404,393,404,393
404,403,404,403
404,404,404,404
404,404,404,404
404,404,404,404
405,388,405,388
405,383,405,383
405,405,405,405
405,464,405,464
405,388,405,388
405,261,405,261
405,405,405,405
405,448,405,448
405,405,405,405
405,430,405,430
406,406,406,406
406,338,406,338
406,412,406,412
406,332,406,332
406,406,406,406
406,282,406,282
406,406,406,406
406,406,406,406
406,406,406,406
406,465,406,465
407,463,407,463
407,463,407,463
407,407,407,407
407,105,407,105
407,407,407,407
407,493,407,493
407,284,407,284
407,407,407,407
407,407,407,407
407,465,407,465
408,427,408,427
408,353,408,353
408,408,408,408
408,388,408,388
408,467,408,467
408,408,408,408
408,353,408,353
408,408,408,408
408,353,408,353
408,408,408,408
409,409,409,409
409,409,409,409
409,409,409,409
409,409,409,409
409,409,409,409
409,409,409,409
409,409,409,409
409,409,409,409
409,409,409,409
409,409,409,409
410,409,410,409
410,409,410,409
410,408,410,408
410,409,410,409
410,410,410,410
410,409,410,409
410,409,410,409
410,366,410,366
410,409,410,409
410,410,410,410
411,411,411,411
411,411,411,411
411,411,411,411
411,411,411,411
411,411,411,411
411,411,411,411
411,411,411,411
411,411,411,411
411,411,411,411
411,411,411,411
412,412,412,412
412,412,412,412
412,412,412,412
412,281,412,281
412,412,412,412
412,412,412,412
412,412,412,412
412,412,412,412
412,412,412,412
412,412,412,412
413,413,413,413
413,413,413,413
413,413,413,413
413,440,413,440
413,413,413,413
413,413,413,413
413,413,413,413
413,279,413,279
413,372,413,372
413,413,413,413
414,329,414,329
414,343,414,343
414,414,414,414
414,409,414,409
414,281,414,281
414,414,414,414
414,414,414,414
414,414,414,414
414,410,414,410
414,414,414,414
415,415,415,415
415,415,415,415
415,415,415,415
415,291,415,291
415,415,415,415
415,415,415,415
415,429,415,429
415,415,415,415
415,415,415,415
415,415,415,415
416,282,416,282
416,416,416,416
416,416,416,416
416,416,416,416
416,416,416,416
416,416,416,416
416,416,416,416
416,416,416,416
416,381,416,381
416,416,416,416
417,417,417,417
417,396,417,396
417,417,417,417
417,417,417,417
417,417,417,417
417,416,417,416
417,417,417,417
417,417,417,417
417,435,417,435
417,437,417,437
418,418,418,418
418,418,418,418
418,418,418,418
418,418,418,418
418,418,418,418
418,423,418,423
418,418,418,418
418,422,418,422
418,450,418,450
418,418,418,418
419,419,419,419
419,419,419,419
419,419,419,419
419,419,419,419
419,419,419,419
419,419,419,419
419,419,419,419
419,419,419,419
419,419,419,419
419,419,419,419
420,5,420,005
420,420,420,420
420,420,420,420
420,420,420,420
420,420,420,420
420,420,420,420
420,420,420,420
420,420,420,420
420,366,420,366
420,420,420,420
421,421,421,421
421,421,421,421
421,421,421,421
421,421,421,421
421,348,421,348
421,414,421,414
421,421,421,421
421,421,421,421
421,421,421,421
421,381,421,381
422,422,422,422
422,422,422,422
422,422,422,422
422,422,422,422
422,422,422,422
422,299,422,299
422,422,422,422
422,422,422,422
422,422,422,422
422,422,422,422
423,423,423,423
423,423,423,423
423,376,423,376
423,143,423,143
423,423,423,423
423,481,423,481
423,423,423,423
423,423,423,423
423,423,423,423
423,113,423,113
424,480,424,480
424,424,424,424
424,302,424,302
424,439,424,439
424,424,424,424
424,434,424,434
424,424,424,424
424,424,424,424
424,424,424,424
424,378,424,378
425,425,425,425
425,332,425,332
425,425,425,425
425,455,425,455
425,425,425,425
425,425,425,425
425,425,425,425
425,425,425,425
425,485,425,485
425,425,425,425
426,471,426,471
426,426,426,426
426,330,426,330
426,426,426,426
426,426,426,426
426,426,426,426
426,426,426,426
426,426,426,426
426,359,426,359
426,426,426,426
427,427,427,427
427,427,427,427
427,295,427,295
427,367,427,367
427,427,427,427
427,427,427,427
427,427,427,427
427,427,427,427
427,427,427,427
427,427,427,427
428,234,428,234
428,428,428,428
428,428,428,428
428,428,428,428
428,429,428,429
428,428,428,428
428,429,428,429
428,428,428,428
428,428,428,428
428,428,428,428
429,307,429,307
429,429,429,429
429,429,429,429
429,429,429,429
429,429,429,429
429,328,429,328
429,429,429,429
429,429,429,429
429,429,429,429
429,429,429,429
430,430,430,430
430,434,430,434
430,430,430,430
430,390,430,390
430,430,430,430
430,408,430,408
430,391,430,391
430,336,430,336
430,476,430,476
430,430,430,430
431,431,431,431
431,390,431,390
431,391,431,391
431,431,431,431
431,431,431,431
431,431,431,431
431,431,431,431
431,431,431,431
431,431,431,431
431,431,431,431
432,432,432,432
432,432,432,432
432,294,432,294
432,432,432,432
432,433,432,433
432,432,432,432
432,479,432,479
432,432,432,432
432,432,432,432
432,432,432,432
433,316,433,316
433,433,433,433
433,412,433,412
433,433,433,433
433,107,433,107
433,433,433,433
433,287,433,287
433,402,433,402
433,316,433,316
433,433,433,433
434,434,434,434
434,434,434,434
434,434,434,434
434,435,434,435
434,434,434,434
434,434,434,434
434,434,434,434
434,434,434,434
434,434,434,434
434,434,434,434
435,435,435,435
435,435,435,435
435,435,435,435
435,427,435,427
435,435,435,435
435,435,435,435
435,435,435,435
435,435,435,435
435,435,435,435
435,435,435,435
436,436,436,436
436,436,436,436
436,436,436,436
436,65,436,065
436,436,436,436
436,348,436,348
436,369,436,369
436,436,436,436
436,436,436,436
436,462,436,462
437,437,437,437
437,403,437,403
437,437,437,437
437,437,437,437
437,476,437,476
437,437,437,437
437,314,437,314
437,437,437,437
437,476,437,476
437,437,437,437
438,438,438,438
438,438,438,438
438,406,438,406
438,334,438,334
438,334,438,334
438,438,438,438
438,438,438,438
438,438,438,438
438,438,438,438
438,438,438,438
439,474,439,474
439,439,439,439
439,301,439,301
439,439,439,439
439,439,439,439
439,439,439,439
439,439,439,439
439,469,439,469
439,366,439,366
439,465,439,465
440,439,440,439
440,417,440,417
440,469,440,469
440,469,440,469
440,440,440,440
440,439,440,439
440,393,440,393
440,440,440,440
440,407,440,407
440,377,440,377
441,441,441,441
441,146,441,146
441,145,441,145
441,367,441,367
441,441,441,441
441,441,441,441
441,288,441,288
441,325,441,325
441,406,441,406
441,441,441,441
442,442,442,442
442,442,442,442
442,442,442,442
442,442,442,442
442,442,442,442
442,442,442,442
442,442,442,442
442,442,442,442
442,442,442,442
442,442,442,442
443,306,443,306
443,443,443,443
443,443,443,443
443,458,443,458
443,443,443,443
443,97,443,097
443,443,443,443
443,443,443,443
443,443,443,443
443,443,443,443
444,486,444,486
444,444,444,444
444,444,444,444
444,444,444,444
444,444,444,444
444,444,444,444
444,444,444,444
444,444,444,444
444,444,444,444
444,444,444,444
445,445,445,445
445,445,445,445
445,445,445,445
445,445,445,445
445,445,445,445
445,335,445,335
445,445,445,445
445,445,445,445
445,445,445,445
445,445,445,445
446,446,446,446
446,446,446,446
446,446,446,446
446,290,446,290
446,446,446,446
446,446,446,446
446,446,446,446
446,367,446,367
446,446,446,446
446,446,446,446
447,485,447,485
447,444,447,444
447,447,447,447
447,473,447,473
447,447,447,447
447,379,447,379
447,447,447,447
447,317,447,317
447,447,447,447
447,379,447,379
448,448,448,448
448,448,448,448
448,404,448,404
448,413,448,413
448,448,448,448
448,448,448,448
448,259,448,259
448,448,448,448
448,448,448,448
448,448,448,448
449,449,449,449
449,359,449,359
449,449,449,449
449,404,449,404
449,449,449,449
449,394,449,394
449,5,449,005
449,449,449,449
449,449,449,449
449,449,449,449
450,450,450,450
450,450,450,450
450,450,450,450
450,450,450,450
450,450,450,450
450,450,450,450
450,450,450,450
450,450,450,450
450,450,450,450
450,450,450,450
451,312,451,312
451,451,451,451
451,396,451,396
451,451,451,451
451,460,451,460
451,451,451,451
451,451,451,451
451,451,451,451
451,313,451,313
451,312,451,312
452,452,452,452
452,452,452,452
452,343,452,343
452,452,452,452
452,452,452,452
452,452,452,452
452,452,452,452
452,341,452,341
452,452,452,452
452,452,452,452
453,453,453,453
453,453,453,453
453,453,453,453
453,453,453,453
453,453,453,453
453,457,453,457
453,453,453,453
453,453,453,453
453,453,453,453
453,453,453,453
454,286,454,286
454,454,454,454
454,454,454,454
454,454,454,454
454,454,454,454
454,454,454,454
454,419,454,419
454,454,454,454
454,454,454,454
454,473,454,473
455,455,455,455
455,455,455,455
455,455,455,455
455,389,455,389
455,455,455,455
455,455,455,455
455,455,455,455
455,455,455,455
455,455,455,455
455,455,455,455
456,456,456,456
456,361,456,361
456,456,456,456
456,456,456,456
456,361,456,361
456,456,456,456
456,306,456,306
456,456,456,456
456,456,456,456
456,424,456,424
457,457,457,457
457,340,457,340
457,457,457,457
457,95,457,095
457,289,457,289
457,457,457,457
457,457,457,457
457,282,457,282
457,457,457,457
457,457,457,457
458,458,458,458
458,457,458,457
458,462,458,462
458,458,458,458
458,458,458,458
458,458,458,458
458,458,458,458
458,452,458,452
458,458,458,458
458,458,458,458
459,485,459,485
459,459,459,459
459,459,459,459
459,470,459,470
459,459,459,459
459,432,459,432
459,459,459,459
459,404,459,404
459,470,459,470
459,441,459,441
460,460,460,460
460,479,460,479
460,349,460,349
460,460,460,460
460,460,460,460
460,460,460,460
460,460,460,460
460,460,460,460
460,475,460,475
460,460,460,460
461,461,461,461
461,461,461,461
461,434,461,434
461,461,461,461
461,461,461,461
461,461,461,461
461,461,461,461
461,476,461,476
461,379,461,379
461,461,461,461
462,462,462,462
462,462,462,462
462,462,462,462
462,462,462,462
462,462,462,462
462,462,462,462
462,462,462,462
462,462,462,462
462,462,462,462
462,462,462,462
463,463,463,463
463,463,463,463
463,463,463,463
463,372,463,372
463,463,463,463
463,463,463,463
463,463,463,463
463,463,463,463
463,24,463,024
463,463,463,463
464,464,464,464
464,474,464,474
464,464,464,464
464,464,464,464
464,465,464,465
464,388,464,388
464,464,464,464
464,464,464,464
464,388,464,388
464,464,464,464
465,465,465,465
465,465,465,465
465,472,465,472
465,465,465,465
465,465,465,465
465,465,465,465
465,38,465,038
465,405,465,405
465,465,465,465
465,465,465,465
466,466,466,466
466,331,466,331
466,466,466,466
466,366,466,366
466,466,466,466
466,466,466,466
466,473,466,473
466,461,466,461
466,466,466,466
466,411,466,411
467,405,467,405
467,435,467,435
467,467,467,467
467,312,467,312
467,403,467,403
467,113,467,113
467,447,467,447
467,467,467,467
467,467,467,467
467,403,467,403
468,468,468,468
468,373,468,373
468,469,468,469
468,305,468,305
468,468,468,468
468,468,468,468
468,459,468,459
468,319,468,319
468,402,468,402
468,468,468,468
469,430,469,430
469,319,469,319
469,402,469,402
469,459,469,459
469,469,469,469
469,448,469,448
469,230,469,230
469,469,469,469
469,469,469,469
469,486,469,486
470,470,470,470
470,335,470,335
470,312,470,312
470,470,470,470
470,470,470,470
470,470,470,470
470,470,470,470
470,470,470,470
470,470,470,470
470,378,470,378
471,471,471,471
471,471,471,471
471,451,471,451
471,471,471,471
471,471,471,471
471,471,471,471
471,471,471,471
471,471,471,471
471,471,471,471
471,471,471,471
472,472,472,472
472,472,472,472
472,372,472,372
472,380,472,380
472,407,472,407
472,472,472,472
472,472,472,472
472,372,472,372
472,472,472,472
472,472,472,472
473,473,473,473
473,366,473,366
473,473,473,473
473,473,473,473
473,473,473,473
473,473,473,473
473,473,473,473
473,473,473,473
473,477,473,477
473,473,473,473
474,474,474,474
474,190,474,190
474,474,474,474
474,474,474,474
474,224,474,224
474,474,474,474
474,474,474,474
474,382,474,382
474,474,474,474
474,474,474,474
475,475,475,475
475,475,475,475
475,475,475,475
475,475,475,475
475,475,475,475
475,475,475,475
475,297,475,297
475,475,475,475
475,475,475,475
475,475,475,475
476,476,476,476
476,476,476,476
476,476,476,476
476,427,476,427
476,476,476,476
476,476,476,476
476,476,476,476
476,476,476,476
476,476,476,476
476,448,476,448
477,233,477,233
477,477,477,477
477,359,477,359
477,333,477,333
477,333,477,333
477,405,477,405
477,359,477,359
477,477,477,477
477,477,477,477
477,477,477,477
478,478,478,478
478,363,478,363
478,478,478,478
478,478,478,478
478,478,478,478
478,478,478,478
478,478,478,478
478,478,478,478
478,477,478,477
478,478,478,478
479,479,479,479
479,28,479,028
479,479,479,479
479,479,479,479
479,479,479,479
479,479,479,479
479,359,479,359
479,485,479,485
479,479,479,479
479,479,479,479
480,480,480,480
480,480,480,480
480,480,480,480
480,28,480,028
480,480,480,480
480,480,480,480
480,480,480,480
480,480,480,480
480,313,480,313
480,480,480,480
481,481,481,481
481,481,481,481
481,481,481,481
481,481,481,481
481,481,481,481
481,481,481,481
481,481,481,481
481,481,481,481
481,481,481,481
481,481,481,481
482,482,482,482
482,482,482,482
482,482,482,482
482,482,482,482
482,482,482,482
482,482,482,482
482,482,482,482
482,482,482,482
482,482,482,482
482,482,482,482
483,483,483,483
483,484,483,484
483,483,483,483
483,483,483,483
483,483,483,483
483,297,483,297
483,483,483,483
483,483,483,483
483,483,483,483
483,483,483,483
484,3,484,003
484,335,484,335
484,339,484,339
484,484,484,484
484,484,484,484
484,484,484,484
484,484,484,484
484,484,484,484
484,484,484,484
484,484,484,484
485,485,485,485
485,479,485,479
485,485,485,485
485,485,485,485
485,485,485,485
485,485,485,485
485,485,485,485
485,443,485,443
485,385,485,385
485,366,485,366
486,486,486,486
486,279,486,279
486,387,486,387
486,486,486,486
486,125,486,125
486,486,486,486
486,486,486,486
486,486,486,486
486,486,486,486
486,486,486,486
487,487,487,487
487,272,487,272
487,487,487,487
487,487,487,487
487,487,487,487
487,487,487,487
487,171,487,171
487,487,487,487
487,487,487,487
487,487,487,487
488,488,488,488
488,488,488,488
488,366,488,366
488,39,488,039
488,488,488,488
488,403,488,403
488,488,488,488
488,488,488,488
488,488,488,488
488,488,488,488
489,441,489,441
489,333,489,333
489,488,489,488
489,488,489,488
489,232,489,232
489,403,489,403
489,441,489,441
489,489,489,489
489,489,489,489
489,228,489,228
490,490,490,490
490,490,490,490
490,490,490,490
490,490,490,490
490,490,490,490
490,490,490,490
490,490,490,490
490,493,490,493
490,493,490,493
490,382,490,382
491,280,491,280
491,491,491,491
491,491,491,491
491,284,491,284
491,488,491,488
491,24,491,024
491,492,491,492
491,491,491,491
491,491,491,491
491,491,491,491
492,492,492,492
492,492,492,492
492,492,492,492
492,490,492,490
492,492,492,492
492,489,492,489
492,492,492,492
492,492,492,492
492,491,492,491
492,491,492,491
493,493,493,493
493,387,493,387
493,493,493,493
493,493,493,493
493,493,493,493
493,493,493,493
493,493,493,493
493,24,493,024
493,493,493,493
493,493,493,493
494,494,494,494
494,494,494,494
494,494,494,494
494,494,494,494
494,494,494,494
494,494,494,494
494,494,494,494
494,334,494,334
494,306,494,306
494,250,494,250
495,495,495,495
495,495,495,495
495,495,495,495
495,495,495,495
495,495,495,495
495,105,495,105
495,495,495,495
495,498,495,498
495,314,495,314
495,495,495,495
496,496,496,496
496,496,496,496
496,496,496,496
496,496,496,496
496,499,496,499
496,338,496,338
496,497,496,497
496,496,496,496
496,349,496,349
496,496,496,496
497,497,497,497
497,495,497,495
497,499,497,499
497,497,497,497
497,499,497,499
497,499,497,499
497,497,497,497
497,497,497,497
497,493,497,493
497,497,497,497
498,498,498,498
498,498,498,498
498,498,498,498
498,498,498,498
498,498,498,498
498,498,498,498
498,498,498,498
498,498,498,498
498,382,498,382
498,498,498,498
499,499,499,499
499,499,499,499
499,499,499,499
499,499,499,499
499,496,499,496
499,499,499,499
499,335,499,335
499,499,499,499
499,499,499,499
499,499,499,499
