image_path,true_class,predicted_class,confidence,true_scientific_name,pred_scientific_name,saved_path
/content/dataset/shared_dataset_seed9517/images/test/385/74a44490-9974-4172-b6e9-a665bf52b5a0.jpg,385,385,0.8563662171363831,Gaultheria antipoda,Gaultheria antipoda,/content/drive/MyDrive/COMP9517/deep_learning_results/analysis_figures/gradcam/correct_1_class_385.png
/content/dataset/shared_dataset_seed9517/images/test/136/355d7796-a42a-4509-b46e-b805d80022c5.jpg,136,136,0.8612868785858154,Abudefduf vaigiensis,Abudefduf vaigiensis,/content/drive/MyDrive/COMP9517/deep_learning_results/analysis_figures/gradcam/correct_2_class_136.png
/content/dataset/shared_dataset_seed9517/images/test/084/9274da88-7de8-4876-aa0a-5c7aedc01383.jpg,84,84,0.9578728675842285,Pseudoips prasinana,Pseudoips prasinana,/content/drive/MyDrive/COMP9517/deep_learning_results/analysis_figures/gradcam/correct_3_class_84.png
/content/dataset/shared_dataset_seed9517/images/test/210/de18e670-5272-4c88-8aba-ad59fe465014.jpg,210,301,0.271083801984787,Cochlearius cochlearius,Trillium nivale,/content/drive/MyDrive/COMP9517/deep_learning_results/analysis_figures/gradcam/failed_1_true_210_pred_301.png
/content/dataset/shared_dataset_seed9517/images/test/283/f294375e-5f58-4c82-9ea1-e59cd1024938.jpg,283,490,0.31225505471229553,Asparagus acutifolius,Abies concolor,/content/drive/MyDrive/COMP9517/deep_learning_results/analysis_figures/gradcam/failed_2_true_283_pred_490.png
/content/dataset/shared_dataset_seed9517/images/test/169/6e8c1dbf-9503-455e-b1da-9204de0c5a69.jpg,169,152,0.30464980006217957,Passerina ciris,Mergus merganser,/content/drive/MyDrive/COMP9517/deep_learning_results/analysis_figures/gradcam/failed_3_true_169_pred_152.png
/content/dataset/shared_dataset_seed9517/images/test/345/21778f4a-271f-4c6a-a2f4-9c8451d007d9.jpg,345,346,0.8774922490119934,Myosotis latifolia,Myosotis scorpioides,/content/drive/MyDrive/COMP9517/deep_learning_results/analysis_figures/gradcam/confused_Myosotis_345_to_346_3451.png
/content/dataset/shared_dataset_seed9517/images/test/345/26415065-9622-4e3a-92e7-2b41de4c7848.jpg,345,346,0.6380211710929871,Myosotis latifolia,Myosotis scorpioides,/content/drive/MyDrive/COMP9517/deep_learning_results/analysis_figures/gradcam/confused_Myosotis_345_to_346_3452.png
/content/dataset/shared_dataset_seed9517/images/test/345/4d23a0c0-5d2a-4c1d-a9a8-642f35361016.jpg,345,346,0.9525485038757324,Myosotis latifolia,Myosotis scorpioides,/content/drive/MyDrive/COMP9517/deep_learning_results/analysis_figures/gradcam/confused_Myosotis_345_to_346_3453.png
