image_path,target,prediction,group,confidence,center_energy_ratio,focus_score
images/test/385/98faaecf-211c-4985-b0c2-b966adeb1909.jpg,385,385,correct,0.4854206144809723,0.19687995314598083,0.023411067758027038
images/test/136/760088a4-cccb-4754-8628-9ff7f54d4a75.jpg,136,136,correct,0.705666720867157,0.4132036864757538,0.011012762014459443
images/test/084/9274da88-7de8-4876-aa0a-5c7aedc01383.jpg,84,84,correct,0.9578728675842285,0.7940171957015991,0.058064352416074105
images/test/388/90a62793-4a14-49a4-80c7-a047d9cdbf8f.jpg,388,388,correct,0.9666734933853149,0.30339789390563965,0.010536061804457542
images/test/280/e151ef04-b101-4a94-96a8-76e4b81af8eb.jpg,280,280,correct,0.03791242465376854,0.17142821848392487,0.0741560524667868
images/test/376/7bc7162f-d5b9-4911-bbf1-d56d3f76fee0.jpg,376,376,correct,0.8145151734352112,0.3035357892513275,0.00804916335278616
images/test/355/1e19158e-69ec-44c4-affa-38dc73fb116c.jpg,355,355,correct,0.9203435778617859,0.528757631778717,0.022942800563204302
images/test/243/d907be6b-70c3-4cdb-865d-e9ae3a5a3a92.jpg,243,243,correct,0.4094851613044739,0.37974491715431213,0.02089095747204317
images/test/157/3294a323-149b-4a72-8b05-74ef9e7e2890.jpg,157,157,correct,0.9835964441299438,0.8249315619468689,0.06751983956508312
images/test/130/639f35b6-750a-418c-9476-2bce57cdd0c5.jpg,130,130,correct,0.8866513967514038,0.7767520546913147,0.056750850192688995
images/test/365/82afcdfc-bcd9-45da-93b8-551eb1f7a62a.jpg,365,365,correct,0.9737933278083801,0.3416069746017456,0.00917092906687278
images/test/423/00560db5-2a6f-4f74-a763-902f55c76d24.jpg,423,423,correct,0.44862791895866394,0.27966979146003723,0.013421119667298087
images/test/066/d5cfb7e0-3543-45b4-bd9b-a19c986cc428.jpg,66,66,correct,0.7083203792572021,0.7448208928108215,0.04776399471047588
images/test/038/d2a574c2-4461-4301-a6a4-4234f033124b.jpg,38,38,correct,0.9046880602836609,0.462840735912323,0.008298380169329933
images/test/420/83dc4a53-6536-4ed5-b446-f290f63c35da.jpg,420,420,correct,0.6280232071876526,0.22077664732933044,0.022325744131296843
images/test/263/488f39ef-4c43-45a7-934d-f9eacff897ae.jpg,263,263,correct,0.23093844950199127,0.18378373980522156,0.036095662807398954
images/test/230/282076cd-f687-4693-9a08-0138f887dbb6.jpg,230,230,correct,0.25962451100349426,0.1277710497379303,0.056975751117341655
images/test/356/37f7854b-8002-4f81-af74-b06d594e7ab3.jpg,356,356,correct,0.1087377667427063,0.2516133785247803,0.011701008088406684
images/test/224/4af8753c-62c6-49f8-b4c0-65fc8d6ca701.jpg,224,224,correct,0.9497620463371277,0.41903483867645264,0.04209913355835837
images/test/229/03271829-8cfd-404e-ad6f-0ed6aa773288.jpg,229,229,correct,0.6281598210334778,0.22804032266139984,0.013382990615131374
images/test/092/03c6d9f4-6147-4151-9927-d8a3ce9ef1b6.jpg,92,92,correct,0.8752859830856323,0.5102776885032654,0.010369251877213936
images/test/342/32a3605f-19ca-411c-b879-ea0e06581b3d.jpg,342,342,correct,0.21773460507392883,0.08150830119848251,0.06633611576689669
images/test/345/a3150240-8cfd-4c51-84b4-a9213c503be4.jpg,345,345,correct,0.015669982880353928,0.25443941354751587,0.028740789854037163
images/test/472/579578b7-91ce-43d4-a3e8-ed46580d6000.jpg,472,472,correct,0.3666311204433441,0.3220776617527008,0.040384858848810934
images/test/220/7833e0e6-afa8-4e90-831a-e2cf893b95ed.jpg,220,220,correct,0.9688762426376343,0.6990704536437988,0.03919126288227048
images/test/147/34dfb882-3644-40e9-9dd5-bd00f1956791.jpg,147,147,correct,0.7322750687599182,0.8015046119689941,0.05602424816286988
images/test/432/3eeea512-43c5-460d-b110-0a0f42dd9add.jpg,432,432,correct,0.06207340210676193,0.2751631438732147,0.04411025284114922
images/test/104/aea73c4e-8a2b-4f91-bf7c-7e14e047e025.jpg,104,104,correct,0.8495919108390808,0.37677985429763794,0.004478445345643789
images/test/040/0ddf023d-d841-427e-98b8-c47a0587c4d8.jpg,40,40,correct,0.8550798892974854,0.2950870394706726,0.01993791342814588
images/test/179/08809793-3d29-4dd9-ac95-513291634ef0.jpg,179,179,correct,0.8320668935775757,0.3845488429069519,0.00363590742267883
images/test/116/9b814727-cfd1-43ed-a65b-acf11f1e741e.jpg,116,116,correct,0.0072298431769013405,0.12281735986471176,0.025306884027881726
images/test/222/4862f78e-409a-4395-93ae-c25addcab6fe.jpg,222,222,correct,0.7323923110961914,0.45584070682525635,0.011738197205381606
images/test/349/e1ceecab-97c0-4634-ac54-d3ae4d1081ee.jpg,349,349,correct,0.046882081776857376,0.0962720587849617,0.046178943958253504
images/test/409/831187cf-9eca-43e9-ba83-753b2712ccea.jpg,409,409,correct,0.8697880506515503,0.3457185924053192,0.022953681071600673
images/test/012/6c934683-97ad-4629-aae1-f9ba56fe2853.jpg,12,12,correct,0.8828498721122742,0.4730277955532074,0.01051450112842578
images/test/283/635d472c-d49c-4eee-8ca8-c5856f287304.jpg,283,283,correct,0.08405545353889465,0.22546586394309998,0.019805504054563272
images/test/028/8d9b1f36-2559-4c33-88e5-0f216b6b0497.jpg,28,28,correct,0.9969301819801331,0.7287065982818604,0.046516008521205965
images/test/300/02517104-b634-43a0-a39a-c9b49ea425f8.jpg,300,300,correct,0.9477522373199463,0.5547977089881897,0.0159546498537253
images/test/343/49b5abac-38a1-4b1a-985b-8fb0e02030cb.jpg,343,343,correct,0.5042794346809387,0.3554018437862396,0.01450983575410425
images/test/461/739e0134-cf29-4d3a-871a-a41ba8d184a6.jpg,461,461,correct,0.9051946401596069,0.4325307607650757,0.007157906899666333
images/test/210/9371ef33-f8ed-4bac-b124-47c9c5ca39ea.jpg,210,301,incorrect,1.5603296560584567e-05,0.06026630476117134,0.05047199265884694
images/test/283/5f88d929-c2ba-489d-9363-0a6130df5ba5.jpg,283,490,incorrect,0.00032894485048018396,0.0017927475273609161,0.09452777983375382
images/test/169/6e8c1dbf-9503-455e-b1da-9204de0c5a69.jpg,169,152,incorrect,0.30464980006217957,0.3219299018383026,0.019377370844525954
images/test/372/4642e907-7726-4508-9ecd-fcfaec9d831c.jpg,372,279,incorrect,0.32647669315338135,0.4433937668800354,0.031404635491823374
images/test/207/b4fe83e8-7367-4fb7-8cb9-acde9673a2b9.jpg,207,193,incorrect,0.00040368360350839794,0.2135891318321228,0.06130267574929815
images/test/151/782e214a-1c74-4bd1-8536-13f54d62d170.jpg,151,152,incorrect,0.03284677863121033,0.22772975265979767,0.02635174064905388
images/test/264/cf7396f5-63aa-4c70-84d3-b3e6dc0f7340.jpg,264,226,incorrect,0.0002696837473195046,0.06014803797006607,0.08663539193223468
images/test/451/9f6b06c5-62f9-4fb7-8878-9f8f67c758af.jpg,451,460,incorrect,0.027969567105174065,0.1371574103832245,0.06521395429745735
images/test/354/96d250c1-e471-4271-8331-8b045a904ef2.jpg,354,357,incorrect,0.00031339566339738667,0.03820532560348511,0.06098967994759541
images/test/185/0e3e1e46-2d43-4b26-b3f9-3b341253b7a2.jpg,185,207,incorrect,0.0689033716917038,0.24626308679580688,0.021952197742891477
images/test/123/80c2c0ff-a43d-4765-af7e-e50eec1c9db3.jpg,123,39,incorrect,9.982717892853543e-05,0.03469143807888031,0.08411351317631144
images/test/468/d5111bdc-20dc-444c-8ec2-33b446f2d3b1.jpg,468,373,incorrect,0.0001687423646217212,0.1581282764673233,0.058657206122805894
images/test/318/6180bd11-c72d-44bf-9901-1a92963a7b1d.jpg,318,325,incorrect,0.00013785950432065874,0.09052115678787231,0.047173608142420775
images/test/360/65b3641c-1a5a-49b5-a3ce-49bb60eee637.jpg,360,281,incorrect,0.005084373522549868,0.04812919721007347,0.05214671047481523
images/test/347/98a96d9e-6bd0-49fd-9e68-8759031320fb.jpg,347,368,incorrect,0.2260531187057495,0.2055492401123047,0.03507002739352927
images/test/142/4bb4c2fb-7c41-4eb8-b82f-5e2cad1f2109.jpg,142,83,incorrect,0.0024548363871872425,0.10493315011262894,0.06513385722301046
images/test/381/4b2a866a-9620-4c15-998e-e572c96c84cb.jpg,381,333,incorrect,0.014276825822889805,0.031621478497982025,0.06035366733996106
images/test/496/78bcc21f-b5d7-4869-8dfa-4f284bf443e1.jpg,496,338,incorrect,0.0004453012952581048,0.12218789756298065,0.041217179416319194
images/test/191/cf741cf4-2f7f-4725-b3e9-da0d64de10de.jpg,191,243,incorrect,1.2209025044285227e-05,0.137460395693779,0.047230274422243035
images/test/316/145eec47-f467-45cb-af61-9b31d843f919.jpg,316,303,incorrect,0.0009041671291925013,0.026858622208237648,0.07976512096414257
images/test/459/18202f6d-1ace-4e21-942c-f2ceed1ca34e.jpg,459,485,incorrect,0.0874662846326828,0.26039204001426697,0.03123399764839907
images/test/095/eb0498ce-da25-462e-ab38-defb5f98dc07.jpg,95,66,incorrect,0.0022990975994616747,0.16833965480327606,0.024626353692119407
images/test/345/26415065-9622-4e3a-92e7-2b41de4c7848.jpg,345,346,incorrect,0.6380211710929871,0.25933900475502014,0.015891876060060817
images/test/354/41243c49-cf55-489e-ade2-c9a3eb06f7fe.jpg,354,356,incorrect,0.03325347974896431,0.12864790856838226,0.07657362367644871
images/test/126/3abb9908-c17b-4e5f-ac32-ebfab276c572.jpg,126,143,incorrect,0.0028901929035782814,0.1273558884859085,0.05861080432307508
images/test/208/785242f2-05af-4fae-9316-d28e0ebe713f.jpg,208,209,incorrect,0.09423275291919708,0.06412003934383392,0.046521913949997495
images/test/263/5ca71c2f-3b04-450e-917a-f7d543fa3012.jpg,263,38,incorrect,0.0003368841717019677,0.14215101301670074,0.04081227842453894
images/test/480/6f9f693b-e35a-4d1c-9700-fe37afd64562.jpg,480,28,incorrect,0.00010730682697612792,0.1751755326986313,0.08056244171039639
images/test/296/24060f1c-e6b8-4016-923e-4292fcb21731.jpg,296,292,incorrect,0.0013011543778702617,0.16599521040916443,0.03561080835426189
images/test/199/5b9f42db-62fc-4ac3-bb3a-133dc75521dd.jpg,199,186,incorrect,0.007774578873068094,0.1448415070772171,0.024384940604285976
images/test/447/e65cf0f1-572b-4417-a7a7-c54e7d278630.jpg,447,485,incorrect,0.000888155191205442,0.11834793537855148,0.075840216932614
images/test/405/2c266f61-d8d7-4cd2-98e5-1780b358fb64.jpg,405,388,incorrect,0.00015300957602448761,0.002063884399831295,0.1334170256963486
images/test/031/827a9709-dbed-4077-b5f2-05a67ee3c5b2.jpg,31,125,incorrect,0.000210498008527793,0.10861220210790634,0.040258974471974907
images/test/449/b78356fc-0b79-42fa-8ab6-6038cbdaefe5.jpg,449,404,incorrect,0.020570138469338417,0.3019145429134369,0.04600354982113475
images/test/431/5da5246b-9d72-4da5-b36b-6de0a95f1630.jpg,431,390,incorrect,0.0019697227980941534,0.07376179844141006,0.047994990297589024
images/test/406/4d89a375-f487-4bbf-be78-e507bf2eb443.jpg,406,282,incorrect,0.0008148594642989337,0.0007816635770723224,0.1649868533046498
images/test/144/c32dc661-9795-43b2-97d2-2d0bd5a3b99f.jpg,144,235,incorrect,0.0008210446103475988,0.14548327028751373,0.028185848020647386
images/test/057/1fa84007-a3d1-4758-8d05-ee48ce2fe4e2.jpg,57,47,incorrect,0.0011221859604120255,0.1538260579109192,0.03238575308772318
images/test/008/ea84e3c0-9041-4eaa-bdda-fd8e02898496.jpg,8,39,incorrect,0.02457362599670887,0.17256297171115875,0.07086049819476736
images/test/214/3d90900e-6a78-40db-ad80-3aeca3f403f9.jpg,214,403,incorrect,2.5690635084174573e-05,0.11966090649366379,0.06114700498718628
